1;V00043;FILTRATION;FILTRE A HUILE;95150;TAVERNY;28/09/2017;25.34;29.56
5;V01105;FILTRATION;FILTRE HABITACLE;.;.;09/11/2016;0;0
7;V01162;FREINAGE;DISQUE AVEC ROULEMENT;95300;HEROUVILLE;19/07/2016;132;35
6;V00289;ENTRAINEMENT;COURROIES;;;14/02/2015;16.40;45.49
5;V00424;ENTRAINEMENT;COURROIES;;;08/04/2015;15.30;50
8;V00166;FREINAGE;PLAQUETTE;95650;PUISEUX PONTOISE;19/04/2016;18;27.50
1;V01122;EQUIPEMENT ATELIER;CONSOMABLE;95310;ST OUEN L AUMONE;16/12/2016;32.47;34.34
6;V00752;FILTRATION;FILTRE A CARBURANT;95450;VIGNY;23/09/2015;22.24;25.67
1;V00937;40;;95310;ST OUEN L AUMONE;27/02/2015;-30.49;0
7;V00740;FREINAGE;DISQUE;95300;ENNERY;16/04/2016;33.06;47.37
7;V00695;FILTRATION;FILTRE A CARBURANT;95450;CONDECOURT;24/03/2016;28.87;21.75
2;V00775;EQUIPEMENT ATELIER;DIVERS EQUIPEMENT ATELIER;92140;CLAMART;19/03/2015;37.27;50.01
5;V00431;ENTRAINEMENT;GALET, POULIE, DAMPER;;;16/06/2016;151.11;37.16
1;V01029;ELECTRICITE;CAPTEURS, SONDES;95800;CERGY;27/02/2017;45.50;46.99
1;V00255;ECHAPPEMENT;ACCESSOIRES DE MONTAGE;95150;TAVERNY;19/05/2016;0;0
7;V00695;EQUIPEMENT ATELIER;OUTILLAGE;95450;CONDECOURT;19/01/2016;28.79;35.98
6;V00752;18;;95450;VIGNY;12/03/2015;50.39;31.77
8;V00166;DIRECTION, SUSPENSION, TRANSMISSION;VERIN DE HAYON;95650;PUISEUX PONTOISE;26/12/2016;79.90;25.37
8;V00290;DIVERS;DIVERS 0;92238;GENNEVILLIERS;06/10/2015;358.55;100
2;V01065;DIVERS;BAGUE, JOINT;78630;ORGEVAL;21/10/2015;7.09;35.83
1;V00074;FILTRATION;FILTRE HABITACLE;95250;BEAUCHAMP;08/02/2016;7.73;29.37
8;V00968;FILTRATION;FILTRE HABITACLE;95310;ST OUEN L AUMONE;18/05/2015;9.41;25.72
2;V00800;VITRAGE;RETROVISEUR, MIROIR;78360;MONTESSON;19/01/2015;40.89;51.21
7;V00740;VITRAGE;DIVERS VITRAGE 0;95300;ENNERY;17/10/2017;12.12;33.58
1;V00330;EMBRAYAGE;KIT EMBRAYAGE;95015;CERGY PONTOISE;05/04/2016;165.17;38.34
5;V00411;LIQUIDE;LAVE GLACE;;;12/08/2015;9.70;41.24
5;V00411;ELECTRICITE;BATTERIE;;;27/05/2016;88.52;43.33
5;V00411;FILTRATION;FILTRE HABITACLE;;;23/07/2016;53.79;36.29
7;V01164;FILTRATION;FILTRE A CARBURANT;95650;BOISSY L AILLERIE;14/03/2017;11.87;37.99
1;V01122;ELECTRICITE;CAPTEURS, SONDES;95310;ST OUEN L AUMONE;31/01/2017;49.20;53.62
1;V01144;FREINAGE;TEMOIN D'USURE;75017;PARIS 17EME ARRONDISSEMENT;22/10/2016;33.60;54.29
2;V00823;VITRAGE;DIVERS VITRAGE 0;78800;HOUILLES;07/07/2015;115.53;57.51
1;V00177;EQUIPEMENT ATELIER;OUTILLAGE;95280;JOUY LE MOUTIER;07/04/2015;8.67;37.49
8;V00166;MOTEUR;;95650;PUISEUX PONTOISE;23/01/2015;86.69;40.06
1;V00675;DIVERS;BAGUE, JOINT;95802;CERGY-PONTOISE CEDEX;17/06/2016;20.02;35.81
1;V01122;EQUIPEMENT ATELIER;MATERIEL;95310;ST OUEN L AUMONE;31/03/2016;177.65;51.02
1;V01029;FILTRATION;FILTRE A CARBURANT;95800;CERGY;17/03/2016;26.69;25.67
1;V00937;VITRAGE;DIVERS VITRAGE 0;95310;ST OUEN L AUMONE;05/11/2015;48.32;33.86
7;V00897;LIQUIDE;HUILE MOTEUR;95300;PONTOISE;11/07/2015;48.83;45.65
7;V01044;FILTRATION;FILTRE A HUILE;95480;PIERRELAYE;10/02/2016;18.47;21.71
5;V00411;EMBRAYAGE;HYDRAULIQUE,  EMETTEUR, RECEPTEUR, BUTEE;;;01/03/2017;170.71;21.04
8;V01009;LIQUIDE;LIQUIDE DE REFROIDISSEMENT;78130;LES MUREAUX;06/10/2017;135;7.41
8;V01009;FILTRATION;FILTRE A HUILE;78130;LES MUREAUX;25/11/2016;17.09;21.71
6;V00331;ENTRAINEMENT;GALET, POULIE, DAMPER;95640;MARINES;02/10/2017;27.50;27.49
5;V01105;ENTRAINEMENT;KIT DE DISTRIBUTION, ACCESSOIRES;.;.;13/07/2017;63.48;24.01
5;V00411;MOTEUR;SUPPORT MOTEUR;;;04/05/2015;22.05;31.43
7;V00739;COMPTABILITE;CONSIGNE;95000;CERGY;16/06/2015;50;0
7;V00739;FILTRATION;FILTRE A AIR;95000;CERGY;15/01/2015;7.87;29.35
7;V00740;FILTRATION;FILTRE A CARBURANT;95300;ENNERY;28/01/2016;-37.82;21.76
2;V01185;EQUIPEMENT ATELIER;OUTILLAGE;92700;COLOMBES;23/02/2017;22.90;40
5;V00411;27;;;;08/04/2015;100.56;35.48
6;V00331;FREINAGE;DISQUE;95640;MARINES;26/06/2017;125.20;36
5;V00411;ENTRAINEMENT;GALET, POULIE, DAMPER;;;24/11/2017;72.22;29.02
8;V00166;FREINAGE;PLAQUETTE;95650;PUISEUX PONTOISE;11/02/2017;36;27.50
8;V00968;ENTRAINEMENT;KIT DE DISTRIBUTION AVEC POMPE A EAU;95310;ST OUEN L AUMONE;27/07/2017;128.12;30.91
5;V00424;FILTRATION;FILTRE A AIR;;;20/07/2017;9.86;31.34
1;V00633;FILTRATION;FILTRE HABITACLE;95150;TAVERNY;12/01/2017;9.31;29.43
1;V01201;LIQUIDE;HUILE MOTEUR;95520;OSNY;07/12/2017;18.50;20.16
7;V00464;FILTRATION;FILTRE A HUILE;95301;PONTOISE;24/11/2017;6.62;29.61
7;V01044;LIQUIDE;LIQUIDE DE REFROIDISSEMENT;95480;PIERRELAYE;06/02/2015;16.43;45.65
5;V00411;FILTRATION;FILTRE A CARBURANT;;;14/02/2015;11.46;38.05
7;V00676;LIQUIDE;HUILE DE BOITE;95520;OSNY;23/11/2015;12.68;42.03
2;V00778;VITRAGE;DIVERS VITRAGE 0;78370;PLAISIR;19/09/2016;52.44;35.41
7;V00676;FREINAGE;PLAQUETTE;95520;OSNY;23/09/2016;21.02;47.38
8;V00166;FILTRATION;FILTRE A HUILE;95650;PUISEUX PONTOISE;27/10/2016;16.58;21.77
1;V01193;VITRAGE;PEINTURE, VERNIS, DURCISSEUR, PPS;78700;CONFLANS STE HONORINE;17/05/2017;201.61;53.10
8;V01009;FILTRATION;FILTRE A HUILE;78130;LES MUREAUX;28/08/2015;6.93;21.79
1;V00992;VITRAGE;ABRASIF, MASQUAGE;95220;HERBLAY;08/09/2015;121.12;44.32
1;V00074;DIVERS;DIVERS 0;95250;BEAUCHAMP;02/03/2017;195;23.08
5;V00411;EMBRAYAGE;KIT EMBRAYAGE;;;31/05/2017;199.08;26
5;V00110;FILTRATION;FILTRE A CARBURANT;95450;US;09/10/2017;-23.35;41.24
1;V00636;FILTRATION;FILTRE A HUILE;95310;ST OUEN L AUMONE;03/02/2016;6.95;25.76
1;V01072;DIRECTION, SUSPENSION, TRANSMISSION;SOUFFLET;95000;CERGY;30/01/2016;15.50;34.58
1;V00624;EMBRAYAGE;KIT EMBRAYAGE;95310;ST OUEN L AUMONE;12/07/2017;178.20;36.67
1;V00330;ECLAIRAGE;PHARE, FEU ARRIERE, CLIGNOTANT;95015;CERGY PONTOISE;27/12/2017;55.91;5.17
5;V00411;COMPTABILITE;CONSIGNE;;;15/04/2016;50;0
7;V00739;FREINAGE;DISQUE AVEC ROULEMENT;95000;CERGY;06/07/2016;-29.46;35
5;V00411;FILTRATION;FILTRE HABITACLE;;;09/03/2017;20.23;29.36
6;V00192;ACCESSOIRE AUTO, PRODUIT ENTRETIEN;PLAQUE D'IMMATRICULATION;95650;PUISEUX-PONTOISE;14/12/2017;9;52.22
7;V00739;FREINAGE;PLAQUETTE;95000;CERGY;30/09/2016;9.58;37.47
2;V00807;VITRAGE;ABRASIF, MASQUAGE;95650;BOISSY L AILLERIE;05/09/2016;67.95;54.63
11;V00892;VITRAGE;DIVERS VITRAGE 0;91640;BRIIS SOUS FORGES;13/09/2016;323.28;39.78
7;V00740;DIVERS;CABLE;95300;ENNERY;24/01/2017;28.63;30.67
5;V00411;FILTRATION;FILTRE A CARBURANT;;;27/05/2017;43.47;33.43
8;V00968;ENTRAINEMENT;COURROIES;95310;ST OUEN L AUMONE;16/02/2016;13.84;48.27
8;V00968;FILTRATION;FILTRE A CARBURANT;95310;ST OUEN L AUMONE;08/08/2016;-82.04;21.73
7;V00739;FILTRATION;FILTRE A AIR;95000;CERGY;18/08/2016;11.08;25.63
7;V00676;LIQUIDE;HUILE MOTEUR;95520;OSNY;20/05/2015;21.01;45.64
7;V00660;ECHAPPEMENT;TUBE, SILENCIEUX;95000;CERGY;09/03/2015;153.40;19.47
7;V00695;FILTRATION;FILTRE A AIR;95450;CONDECOURT;11/01/2016;10.86;25.60
1;V00074;FILTRATION;FILTRE A CARBURANT;95250;BEAUCHAMP;24/06/2015;20.23;25.65
5;V00411;ENTRAINEMENT;COURROIE DE DISTRIBUTION;;;23/03/2017;25.53;39.99
6;V00228;FILTRATION;FILTRE A CARBURANT;95300;ENNERY;22/09/2017;11.68;29.54
6;V00228;FILTRATION;FILTRE HABITACLE;95300;ENNERY;29/02/2016;11.34;29.37
1;V00043;DIRECTION, SUSPENSION, TRANSMISSION;VERIN DE HAYON;95150;TAVERNY;21/04/2017;58.02;40.30
7;V00676;FILTRATION;FILTRE A CARBURANT;95520;OSNY;27/10/2016;22.05;31.11
5;V00411;27;;;;19/02/2015;6.81;35.68
7;V00676;EMBRAYAGE;KIT EMBRAYAGE AVEC VOLANT MOTEUR;95520;OSNY;06/06/2017;362.70;29.23
5;V00411;LIQUIDE;HUILE DE BOITE;;;09/06/2016;14.18;33.85
7;V00695;LIQUIDE;HUILE MOTEUR;95450;CONDECOURT;07/09/2017;28.34;37.90
7;V00739;FILTRATION;FILTRE A HUILE;95000;CERGY;10/01/2017;41.12;21.77
8;V00968;MOTEUR;SUPPORT MOTEUR;95310;ST OUEN L AUMONE;18/09/2015;-51;35.90
6;V01098;FREINAGE;PLAQUETTE;.;.;03/07/2015;41.63;49.99
14;V01214;LIQUIDE;LIQUIDE DE REFROIDISSEMENT;;;03/03/2017;7.20;34.03
7;V00740;ENTRAINEMENT;GALET, POULIE, DAMPER;95300;ENNERY;30/11/2017;30.24;32.74
2;V01003;ACCESSOIRE AUTO, PRODUIT ENTRETIEN;DIVERS ACCESSOIRES, ENTRETIEN;78500;SARTROUVILLE;21/02/2017;5.90;13.56
8;V00968;FILTRATION;FILTRE A AIR;95310;ST OUEN L AUMONE;15/03/2017;10.52;25.67
5;V00411;DIRECTION, SUSPENSION, TRANSMISSION;RESSORT;;;17/01/2017;110.50;32.31
5;V00411;ELECTRICITE;BOUGIE DE PRECHAUFFAGE;;;14/10/2015;38.40;40
8;V00166;DIVERS;DIVERS 0;95650;PUISEUX PONTOISE;13/05/2016;250.52;7.94
5;V00411;ENTRAINEMENT;COURROIES;;;26/02/2016;60.49;56.41
6;V00289;ENTRAINEMENT;POMPE A EAU;;;22/12/2016;42.60;26.01
2;V00903;COMPTABILITE;DIVERS COMPTABILITE;78500;SARTROUVILLE;07/06/2016;0;0
1;V00937;ELECTRICITE;POMPE CARBURANT, HUILE, LAVE GLACE;95310;ST OUEN L AUMONE;05/05/2017;2.43;31.28
1;V00636;FILTRATION;FILTRE A HUILE;95310;ST OUEN L AUMONE;10/09/2015;8.33;25.69
6;V00601;MOTEUR;;95310;ST OUEN L AUMONE;23/03/2015;7.88;35.79
1;V01191;FILTRATION;FILTRE A CARBURANT;95000;CERGY;12/12/2016;9.90;25.66
5;V00960;FILTRATION;FILTRE A HUILE;;;10/03/2016;6.95;25.76
7;V00740;FREINAGE;KIT DE FREIN;95300;ENNERY;29/11/2016;-90.39;28.42
5;V00411;DIRECTION, SUSPENSION, TRANSMISSION;ROTULE, BIELLETTE, TRIANGLE, SILENTBLOC;;;12/09/2015;26.64;51.65
6;V00331;DIRECTION, SUSPENSION, TRANSMISSION;ROTULE, BIELLETTE, TRIANGLE, SILENTBLOC;95640;MARINES;20/11/2015;69.65;33.34
5;V00411;ELECTRICITE;BOUGIE D'ALLUMAGE;;;13/07/2016;15.35;25.99
5;V00411;LIQUIDE;HUILE MOTEUR;;;17/03/2017;138.36;37.21
5;V00411;ELECTRICITE;BOUGIE D'ALLUMAGE;;;17/06/2015;10.34;32.69
7;V01044;EQUIPEMENT ATELIER;OUTILLAGE;95480;PIERRELAYE;30/07/2015;80.43;28.48
5;V00411;ACCESSOIRE AUTO, PRODUIT ENTRETIEN;DIVERS ACCESSOIRES, ENTRETIEN;;;29/12/2015;5.99;47.41
5;V00411;FREINAGE;PLAQUETTE;;;12/12/2017;79.22;50.05
7;V00739;DIRECTION, SUSPENSION, TRANSMISSION;ROTULE, BIELLETTE, TRIANGLE, SILENTBLOC;95000;CERGY;10/10/2017;47.52;41.81
8;V00968;FILTRATION;FILTRE A HUILE;95310;ST OUEN L AUMONE;05/11/2015;43.82;21.75
7;V01044;FREINAGE;DISQUE;95480;PIERRELAYE;05/09/2015;95.22;38.95
1;V00074;FILTRATION;FILTRE HABITACLE;95250;BEAUCHAMP;26/12/2017;23.71;27.67
1;V00043;FREINAGE;PLAQUETTE;95150;TAVERNY;27/01/2017;36.52;44.50
5;V00411;ELECTRICITE;BOBINE;;;16/01/2016;58.80;35
7;V00695;EMBRAYAGE;HYDRAULIQUE,  EMETTEUR, RECEPTEUR, BUTEE;95450;CONDECOURT;22/06/2016;72.10;25.71
8;V00968;ENTRAINEMENT;GALET, POULIE, DAMPER;95310;ST OUEN L AUMONE;20/01/2015;-115.47;30.91
7;V00641;EQUIPEMENT ATELIER;OUTILLAGE;95650;BOISSY L AILLERIE;29/06/2016;156;22
5;V00413;FILTRATION;FILTRE A HUILE;95610;ERAGNY;19/03/2015;-19.66;38.05
5;V00411;DIRECTION, SUSPENSION, TRANSMISSION;ROTULE, BIELLETTE, TRIANGLE, SILENTBLOC;;;16/01/2016;138.94;47.27
8;V00166;ELECTRICITE;BATTERIE;95650;PUISEUX PONTOISE;05/11/2016;59.34;16.67
8;V00166;DIVERS;DIVERS 0;95650;PUISEUX PONTOISE;09/06/2017;15.48;16.67
6;V00601;ECLAIRAGE;LAMPE, AMPOULE, AMPOULE PHARE;95310;ST OUEN L AUMONE;20/05/2015;81.60;25
1;V00181;LIQUIDE;LAVE GLACE;95320;SAINT LEU LA FORET;26/12/2017;49;18.37
1;V00937;FREINAGE;PLAQUETTE;95310;ST OUEN L AUMONE;29/09/2017;-22.50;42
7;V00465;ELECTRICITE;BOUGIE D'ALLUMAGE;95520;OSNY;02/10/2017;11.62;38.38
1;V01132;DIVERS;BAGUE, JOINT;95610;ERAGNY;27/09/2016;29.39;40.32
1;V00624;ACCESSOIRE AUTO, PRODUIT ENTRETIEN;PLAQUE D'IMMATRICULATION;95310;ST OUEN L AUMONE;14/11/2016;9;52.22
5;V00411;FILTRATION;FILTRE A CARBURANT;;;11/05/2016;43.11;25.66
1;V00638;FILTRATION;FILTRE A AIR;95840;VILLIERS ADAM;10/11/2015;7;29.43
5;V00411;FREINAGE;DISQUE;;;08/01/2016;147.73;46.62
8;V00166;ECLAIRAGE;LAMPE, AMPOULE, AMPOULE PHARE;95650;PUISEUX PONTOISE;11/01/2017;10.10;51.49
6;V00979;ENTRAINEMENT;COURROIES;95450;VIGNY;15/12/2017;37.26;49.97
6;V00626;DIVERS;DIVERS 0;95480;PIERRELAYE;29/04/2015;195;23.08
2;V00843;EQUIPEMENT ATELIER;MATERIEL;78260;ACHERES;02/02/2015;32.25;62.02
5;V00110;FILTRATION;FILTRE A HUILE;95450;US;23/04/2015;5.99;38.06
6;V00331;FILTRATION;FILTRE A HUILE;95640;MARINES;05/04/2016;16.51;25.68
5;V00411;EMBRAYAGE;HYDRAULIQUE,  EMETTEUR, RECEPTEUR, BUTEE;;;06/04/2016;10.01;43.06
8;V00166;FREINAGE;PLAQUETTE;95650;PUISEUX PONTOISE;25/07/2015;30.27;37.50
5;V01105;ELECTRICITE;BOUGIE D'ALLUMAGE;.;.;25/01/2016;16.50;32.73
2;V00800;VITRAGE;DIVERS VITRAGE 0;78360;MONTESSON;07/12/2015;30.98;38.54
1;V00638;FILTRATION;FILTRE HABITACLE;95840;VILLIERS ADAM;06/08/2015;18.44;29.34
1;V01114;ACCESSOIRE AUTO, PRODUIT ENTRETIEN;ADDITIF;95520;OSNY;16/06/2016;33.27;31.26
7;V01125;LIQUIDE;HUILE MOTEUR;95450;US;12/07/2017;19.78;39.28
5;V00974;DIVERS;BAGUE, JOINT;;;11/05/2017;17.57;21.86
8;V00166;ENTRAINEMENT;COURROIE DE DISTRIBUTION;95650;PUISEUX PONTOISE;17/02/2015;38.50;29.09
5;V00529;VITRAGE;ACCESSOIRE PARE BRISE, VITRAGE;95550;BESSANCOURT;07/09/2016;5;30
8;V00968;FREINAGE;DISQUE AVEC ROULEMENT;95310;ST OUEN L AUMONE;03/10/2016;-117.42;35.56
1;V01081;ENTRAINEMENT;COURROIES;60240;FLEURY;05/03/2015;35.94;50
7;V00460;EQUIPEMENT ATELIER;CONSOMABLE;95000;CERGY;28/09/2015;10.09;34.99
6;V00331;FILTRATION;FILTRE A AIR;95640;MARINES;05/03/2015;19.84;29.39
5;V00411;FILTRATION;FILTRE A HUILE;;;07/04/2017;27.59;29.58
8;V00166;ECLAIRAGE;LAMPE, AMPOULE, AMPOULE PHARE;95650;PUISEUX PONTOISE;31/08/2017;4.36;33.49
7;V01100;FILTRATION;FILTRE A HUILE;95450;US;07/08/2017;14.32;29.61
1;V00746;VITRAGE;PARE BRISE, LUNETTE;60730;ULLY ST GEORGES;10/04/2015;136;13.88
7;V01162;ACCESSOIRE AUTO, PRODUIT ENTRETIEN;PLAQUE D'IMMATRICULATION;95300;HEROUVILLE;13/01/2017;9;52.22
7;V00739;ENTRAINEMENT;DEMARREUR;95000;CERGY;15/12/2015;-143.29;100
1;V00358;FREINAGE;PLAQUETTE;;;26/09/2015;-2.91;42.27
7;V01044;ELECTRICITE;CAPTEURS, SONDES;95480;PIERRELAYE;01/07/2016;-275.08;34.28
8;V00163;DIVERS;BAGUE, JOINT;78700;CONFLANS;09/06/2016;64.23;9.09
7;V00688;ENTRAINEMENT;POMPE A EAU;;;01/04/2015;84.39;35
7;V01111;DIVERS;DIVERS 0;95000;CERGY;02/06/2017;-46.20;19.89
8;V00968;FILTRATION;FILTRE HABITACLE;95310;ST OUEN L AUMONE;02/12/2016;16;25.63
2;V00803;VITRAGE;DIVERS VITRAGE 0;78380;BOUGIVAL;29/03/2016;31.20;59.87
5;V00411;DIVERS;CABLE;;;11/06/2015;8.54;36.07
5;V00411;FREINAGE;DISQUE;;;10/02/2015;129.79;52.25
2;V00795;EQUIPEMENT ATELIER;OUTILLAGE;94120;FONTENAY-SOUS-BOIS;12/11/2015;6.84;49.27
8;V00087;ECLAIRAGE;LAMPE, AMPOULE, AMPOULE PHARE;95180;MENUCOURT;24/07/2015;134.64;9.09
5;V00666;DIVERS;DIVERS 0;;;28/12/2015;922;100
1;V00716;VITRAGE;PEINTURE, VERNIS, DURCISSEUR, PPS;95480;PIERRELAYE;02/10/2015;75;37.48
1;V00638;29;;95840;VILLIERS ADAM;20/04/2015;167.59;60.79
5;V00430;FILTRATION;FILTRE A HUILE;;;09/02/2015;3.38;25.74
8;V01009;FILTRATION;FILTRE A CARBURANT;78130;LES MUREAUX;04/09/2017;18.49;25.80
1;V00074;THERMIQUE;PIECE DE CLIMATISATION;95250;BEAUCHAMP;27/06/2017;11.69;20.02
7;V00676;ENTRAINEMENT;ALTERNATEUR;95520;OSNY;21/04/2016;179.97;41.38
5;V00411;ECHAPPEMENT;TUBE, SILENCIEUX;;;19/07/2016;31.05;48.89
7;V00696;DIVERS;DIVERS 0;95340;PERSAN;29/01/2016;600;10
6;V00331;LIQUIDE;LIQUIDE DE REFROIDISSEMENT;95640;MARINES;09/07/2015;42.34;24.42
2;V01189;EQUIPEMENT ATELIER;MATERIEL;95230;SOISY SOUS MONTMORENCY;18/04/2017;65;100
1;V00358;ENTRAINEMENT;COURROIES;;;17/01/2015;15.98;45.43
1;V00074;DIRECTION, SUSPENSION, TRANSMISSION;ROTULE, BIELLETTE, TRIANGLE, SILENTBLOC;95250;BEAUCHAMP;17/10/2016;31.79;41.81
1;V00043;FREINAGE;PLAQUETTE;95150;TAVERNY;03/02/2015;21.32;56.89
2;V00766;VITRAGE;DIVERS VITRAGE 0;93120;LA COURNEUVE;06/04/2016;227.88;53.44
6;V00331;ENTRAINEMENT;COURROIE DE DISTRIBUTION;95640;MARINES;02/01/2017;20.76;59.49
7;V00676;DIRECTION, SUSPENSION, TRANSMISSION;ROULEMENT;95520;OSNY;20/12/2016;29.95;53.86
5;V01071;ACCESSOIRE AUTO, PRODUIT ENTRETIEN;ESSUIE GLACES;95000;CERGY;27/07/2016;21.15;24.02
6;V00752;FILTRATION;FILTRE A CARBURANT;95450;VIGNY;15/12/2015;27.02;25.65
7;V00676;ECHAPPEMENT;ACCESSOIRES DE MONTAGE;95520;OSNY;21/04/2016;28.48;56.57
8;V00968;DIRECTION, SUSPENSION, TRANSMISSION;ROTULE, BIELLETTE, TRIANGLE, SILENTBLOC;95310;ST OUEN L AUMONE;29/08/2016;22.94;41.85
8;V01009;DIVERS;DIVERS 0;78130;LES MUREAUX;23/05/2015;9.60;31.25
5;V00411;ACCESSOIRE AUTO, PRODUIT ENTRETIEN;PLAQUE D'IMMATRICULATION;;;14/10/2017;15;42.67
1;V01122;EQUIPEMENT ATELIER;CONSOMABLE;95310;ST OUEN L AUMONE;17/02/2017;6.96;35.06
6;V00228;FILTRATION;FILTRE A HUILE;95300;ENNERY;05/10/2015;6.95;25.76
7;V00739;ENTRAINEMENT;COURROIES;95000;CERGY;05/02/2016;12.34;48.30
1;V00043;FILTRATION;FILTRE A HUILE;95150;TAVERNY;16/04/2015;6.73;25.71
8;V00166;FREINAGE;DISQUE;95650;PUISEUX PONTOISE;03/08/2017;49.52;27.50
5;V01257;FILTRATION;FILTRE A CARBURANT;95750;CHARS;17/10/2017;60.79;29.53
7;V00739;CONSOMMABLE CARROSSERIE;GAZ;95000;CERGY;10/03/2015;51.92;34.55
8;V00166;ACCESSOIRE AUTO, PRODUIT ENTRETIEN;ESSUIE GLACES;95650;PUISEUX PONTOISE;30/09/2016;19.60;19.18
5;V00960;FREINAGE;PLAQUETTE;;;28/11/2015;22.50;42
5;V00559;FREINAGE;TEMOIN D'USURE;60119;HENONVILLE;09/12/2015;11.05;51.67
6;V01127;EQUIPEMENT ATELIER;OUTILLAGE;95520;OSNY;24/11/2015;39;33.49
8;V00718;ENTRAINEMENT;KIT DE DISTRIBUTION, ACCESSOIRES;.;.;27/03/2017;67.90;9.09
5;V00411;LIQUIDE;LIQUIDE DE FREIN;;;13/10/2017;5.59;38.46
7;V00653;ESSUYAGE;;95300;ENNERY;02/04/2015;-498;53.40
8;V00166;FILTRATION;FILTRE A CARBURANT;95650;PUISEUX PONTOISE;17/06/2016;28.87;21.75
1;V01072;ECLAIRAGE;PHARE, FEU ARRIERE, CLIGNOTANT;95000;CERGY;22/09/2016;8.80;28.41
1;V00255;VITRAGE;PEINTURE, VERNIS, DURCISSEUR, PPS;95150;TAVERNY;29/06/2015;80.10;52.17
5;V00411;FREINAGE;PLAQUETTE;;;11/04/2016;125.19;45.41
7;V00464;ACCESSOIRE AUTO, PRODUIT ENTRETIEN;PLAQUE D'IMMATRICULATION;95301;PONTOISE;16/04/2015;18;52.22
6;V00752;ENTRAINEMENT;POMPE A EAU;95450;VIGNY;23/01/2015;65.27;36.66
7;V00749;ECLAIRAGE;PHARE, FEU ARRIERE, CLIGNOTANT;78570;CHANTELOUP LES VIGNES;01/12/2015;117.32;25.46
2;V00788;EQUIPEMENT ATELIER;MATERIEL;78650;BEYNES;15/07/2015;129.67;45.25
5;V00411;ACCESSOIRE AUTO, PRODUIT ENTRETIEN;DIVERS ACCESSOIRES, ENTRETIEN;;;03/10/2017;6.81;37.15
5;V01105;FILTRATION;FILTRE A AIR;.;.;13/10/2017;11.09;31.29
5;V00411;ENTRAINEMENT;COURROIES;;;18/11/2016;83.41;56.58
1;V00662;VITRAGE;PEINTURE, VERNIS, DURCISSEUR, PPS;95310;ST OUEN L AUMONE;23/10/2017;133.74;35.71
6;V00331;LIQUIDE;HUILE MOTEUR;95640;MARINES;18/05/2016;124.07;39.83
6;V00331;ELECTRICITE;BOUGIE D'ALLUMAGE;95640;MARINES;14/06/2017;39.24;38.33
5;V00960;FREINAGE;PLAQUETTE;;;24/06/2016;40.15;35.99
1;V00937;FILTRATION;FILTRE A HUILE;95310;ST OUEN L AUMONE;07/04/2016;6.53;25.57
8;V00400;FILTRATION;FILTRE A AIR;95;MONTIGNY L/CORMEILLE;21/09/2016;12.62;9.11
1;V00255;FILTRATION;FILTRE A HUILE;95150;TAVERNY;04/03/2015;7.19;25.59
5;V00411;ENTRAINEMENT;GALET, POULIE, DAMPER;;;03/09/2015;36.28;38.34
8;V00166;ELECTRICITE;BATTERIE;95650;PUISEUX PONTOISE;18/03/2016;27.31;0
1;V01168;VITRAGE;DIVERS VITRAGE 0;60230;CHAMBLY;26/07/2017;125;37.32
5;V00411;FILTRATION;FILTRE A HUILE;;;20/02/2017;28.63;32.48
2;V00795;VITRAGE;ABRASIF, MASQUAGE;94120;FONTENAY-SOUS-BOIS;28/09/2016;23.09;62.10
2;V00902;EQUIPEMENT ATELIER;MATERIEL;78500;SARTROUVILLE;07/02/2017;17.40;38.05
2;V00764;VITRAGE;DIVERS VITRAGE 0;78500;SARTROUVILLE;22/11/2016;93.35;37.76
8;V00572;VITRAGE;DIVERS VITRAGE 0;95650;PUISEUX PONTOISE;27/05/2015;8.10;34.32
8;V01153;ACCESSOIRE AUTO, PRODUIT ENTRETIEN;DIVERS ACCESSOIRES, ENTRETIEN;;;21/02/2017;43.44;9.09
1;V00716;VITRAGE;PEINTURE, VERNIS, DURCISSEUR, PPS;95480;PIERRELAYE;13/12/2016;-51.21;52.94
5;V00411;ELECTRICITE;BOUGIE D'ALLUMAGE;;;16/12/2017;8.49;32.74
1;V00425;DIVERS;DIVERS 0;95310;ST OUEN L'AUMONE;19/01/2016;65.90;50
7;V00739;FILTRATION;FILTRE A HUILE;95000;CERGY;08/11/2016;12.41;21.76
8;V01009;FILTRATION;FILTRE A HUILE;78130;LES MUREAUX;17/08/2016;8.03;21.79
5;V00411;THERMIQUE;PIECE DE CLIMATISATION;;;28/11/2015;68.60;20
1;V00358;FILTRATION;FILTRE A HUILE;;;12/06/2015;13.84;25.72
7;V00646;INDEFINI;INDEFINI;95640;MARINES;21/01/2015;-55.30;100
1;V00638;MOTEUR;SUPPORT MOTEUR;95840;VILLIERS ADAM;04/08/2015;82.90;35.90
5;V00424;FREINAGE;PLAQUETTE;;;29/07/2016;22.50;42
1;V01201;EMBRAYAGE;HYDRAULIQUE,  EMETTEUR, RECEPTEUR, BUTEE;95520;OSNY;16/03/2017;49.98;35.71
6;V00331;FILTRATION;FILTRE A AIR;95640;MARINES;26/09/2017;13.17;31.36
5;V00411;DIRECTION, SUSPENSION, TRANSMISSION;SOUFFLET;;;07/04/2017;12.77;33.28
6;V00979;ENTRAINEMENT;ALTERNATEUR;95450;VIGNY;12/05/2017;210;46.67
5;V00411;LIQUIDE;LIQUIDE DE REFROIDISSEMENT;;;25/07/2016;13.01;26.98
5;V00411;LIQUIDE;HUILE DE BOITE;;;07/10/2016;18.64;37.88
1;V00937;LIQUIDE;LIQUIDE DE FREIN;95310;ST OUEN L AUMONE;19/09/2017;20.88;33.33
2;V00760;VITRAGE;ABRASIF, MASQUAGE;78220;VIROFLAY;08/12/2016;44.84;49.46
2;V00798;VITRAGE;DIVERS VITRAGE 0;92150;SURESNES;12/07/2016;127.49;36.10
5;V00974;DIRECTION, SUSPENSION, TRANSMISSION;ROTULE, BIELLETTE, TRIANGLE, SILENTBLOC;;;26/06/2017;28;42.86
2;V00803;VITRAGE;ABRASIF, MASQUAGE;78380;BOUGIVAL;24/11/2015;38.15;32.77
5;V01104;ENTRAINEMENT;COURROIE DE DISTRIBUTION;92200;NEUILLY SUR SEINE;27/11/2015;42.54;50
5;V00974;ELECTRICITE;BOBINE;;;12/06/2015;-23.04;34.90
7;V00714;FREINAGE;PLAQUETTE;95520;OSNY;11/06/2015;-81.29;42
2;V00788;VITRAGE;ABRASIF, MASQUAGE;78650;BEYNES;22/01/2016;61.60;30
7;V00676;ELECTRICITE;CAPTEURS, SONDES;95520;OSNY;03/05/2017;-63.84;53.62
5;V00411;ELECTRICITE;BATTERIE;;;06/06/2017;72.90;44.44
7;V00739;FREINAGE;DISQUE;95000;CERGY;18/08/2017;27.60;37.50
6;V00054;COMPTABILITE;CONSIGNE;95650;BOISSY L'AILLERIE;24/03/2015;-83.34;40
1;V00330;MOTEUR;SUPPORT MOTEUR;95015;CERGY PONTOISE;29/09/2016;18.90;20
5;V00411;FREINAGE;PLAQUETTE;;;28/01/2017;112.05;46.57
2;V01269;VITRAGE;DIVERS VITRAGE 0;95150;TAVERNY;06/09/2017;59.45;34.67
7;V00676;FILTRATION;FILTRE A CARBURANT;95520;OSNY;06/06/2016;11.11;21.78
8;V00572;EQUIPEMENT ATELIER;CONSOMABLE;95650;PUISEUX PONTOISE;13/11/2017;14.41;11.10
7;V00749;FILTRATION;FILTRE A AIR;78570;CHANTELOUP LES VIGNES;01/12/2015;9.27;25.67
5;V00411;ELECTRICITE;BOUGIE DE PRECHAUFFAGE;;;11/04/2015;0;0
1;V01201;LIQUIDE;HUILE MOTEUR;95520;OSNY;13/03/2017;22.50;21.64
1;V00716;VITRAGE;PEINTURE, VERNIS, DURCISSEUR, PPS;95480;PIERRELAYE;14/06/2017;157.14;53.09
1;V01145;FREINAGE;DISQUE;95840;VILLIERS ADAM;27/07/2016;57.70;41.99
8;V00968;FREINAGE;DISQUE;95310;ST OUEN L AUMONE;26/06/2015;74.53;33.41
1;V00937;ENTRAINEMENT;COURROIES;95310;ST OUEN L AUMONE;04/09/2017;0;0
1;V00177;FILTRATION;FILTRE A AIR;95280;JOUY LE MOUTIER;16/03/2015;9.75;29.33
5;V00411;ELECTRICITE;CAPTEURS, SONDES;;;11/03/2016;36.24;38.19
5;V00431;FREINAGE;PLAQUETTE;;;19/08/2015;33.08;51.66
8;V01009;DIRECTION, SUSPENSION, TRANSMISSION;SOUFFLET;78130;LES MUREAUX;01/06/2017;30.49;38.47
7;V01100;FILTRATION;FILTRE A AIR;95450;US;04/09/2015;11.28;29.34
8;V00166;ECHAPPEMENT;DIVERS ECHAPPEMENT 20;95650;PUISEUX PONTOISE;26/02/2015;39.50;18.33
2;V00953;DIVERS;DIVERS 0;78440;ISSOU;29/05/2015;216;10
5;V00411;EQUIPEMENT ATELIER;OUTILLAGE;;;05/12/2016;15.98;-168.40
5;V00411;ELECTRICITE;DIVERS ELECTRICITE 0;;;13/04/2017;22.50;33.33
5;V00411;ACCESSOIRE AUTO, PRODUIT ENTRETIEN;DIVERS ACCESSOIRES, ENTRETIEN;;;16/09/2017;75.74;18.66
1;V00624;EQUIPEMENT ATELIER;CONSOMABLE;95310;ST OUEN L AUMONE;24/11/2016;32.60;42.85
1;V00633;ELECTRICITE;BOUGIE DE PRECHAUFFAGE;95150;TAVERNY;22/11/2016;38.98;36.69
5;V00411;EQUIPEMENT ATELIER;CONSOMABLE;;;18/12/2017;29.15;37.08
1;V01201;ENTRAINEMENT;COURROIES;95520;OSNY;28/09/2017;9.68;39.98
7;V01112;FREINAGE;PLAQUETTE;78700;CONFLANS STE HONORINE;31/05/2017;25.90;42.01
1;V00662;VITRAGE;ABRASIF, MASQUAGE;95310;ST OUEN L AUMONE;03/10/2016;59.82;29.99
1;V00675;ELECTRICITE;DIVERS ELECTRICITE 0;95802;CERGY-PONTOISE CEDEX;19/04/2016;4.40;40.23
5;V00411;EMBRAYAGE;VOLANT MOTEUR,  BIMASSE;;;14/09/2015;-545.70;25
1;V01193;VITRAGE;PEINTURE, VERNIS, DURCISSEUR, PPS;78700;CONFLANS STE HONORINE;23/05/2017;261.36;53.10
8;V00166;FREINAGE;PLAQUETTE;95650;PUISEUX PONTOISE;20/01/2015;44.82;27.49
8;V00166;ACCESSOIRE AUTO, PRODUIT ENTRETIEN;ESSUIE GLACES;95650;PUISEUX PONTOISE;22/01/2016;19.28;19.19
5;V00411;LIQUIDE;HUILE MOTEUR;;;07/01/2016;199.81;41.30
8;V01009;ENTRAINEMENT;KIT DE DISTRIBUTION, ACCESSOIRES;78130;LES MUREAUX;28/05/2015;85;24
5;V00411;FREINAGE;PLAQUETTE;;;05/03/2016;167.82;45.46
5;V00411;LIQUIDE;HUILE MOTEUR;;;02/02/2017;42.18;37.89
8;V00166;ELECTRICITE;DIVERS ELECTRICITE 0;95650;PUISEUX PONTOISE;16/07/2015;3.67;20.16
8;V00166;FILTRATION;FILTRE HABITACLE;95650;PUISEUX PONTOISE;29/06/2015;12.98;25.65
7;V00695;EMBRAYAGE;KIT EMBRAYAGE;95450;CONDECOURT;22/06/2016;126.59;26
7;V00739;THERMIQUE;;95000;CERGY;03/06/2015;-6.66;29.13
1;V00074;ECHAPPEMENT;TUBE, SILENCIEUX;95250;BEAUCHAMP;23/07/2016;78.15;38.67
6;V00331;EQUIPEMENT ATELIER;CONSOMABLE;95640;MARINES;20/11/2017;29.19;30.42
5;V00411;FREINAGE;PLAQUETTE;;;13/06/2016;284.81;49.47
5;V00411;LIQUIDE;LIQUIDE DE REFROIDISSEMENT;;;20/04/2017;13.31;33.13
7;V00749;FREINAGE;PLAQUETTE;78570;CHANTELOUP LES VIGNES;27/05/2015;89;38.94
5;V00956;LIQUIDE;HUILE MOTEUR;;;09/06/2015;10.82;13.12
5;V00411;FILTRATION;FILTRE HABITACLE;;;14/11/2015;1.77;80.23
5;V00411;FILTRATION;FILTRE A HUILE;;;03/10/2016;38.40;33.31
8;V00968;FILTRATION;FILTRE A CARBURANT;95310;ST OUEN L AUMONE;30/05/2017;-48.36;27.52
1;V00638;ACCESSOIRE AUTO, PRODUIT ENTRETIEN;DIVERS ACCESSOIRES, ENTRETIEN;95840;VILLIERS ADAM;16/09/2015;11.55;33.33
7;V00695;FREINAGE;DISQUE;95450;CONDECOURT;27/01/2015;141.40;42
7;V00695;EQUIPEMENT ATELIER;CONSOMABLE;95450;CONDECOURT;10/11/2016;49;30
8;V01068;DIRECTION, SUSPENSION, TRANSMISSION;DIVERS PSD 0;95004;CERGY PONTOISE CEDEX;07/10/2016;26.24;2.93
7;V00695;DIRECTION, SUSPENSION, TRANSMISSION;SOUFFLET;95450;CONDECOURT;29/01/2016;-12.39;38.42
1;V00074;ENTRAINEMENT;COURROIES;95250;BEAUCHAMP;07/04/2016;8.07;59.48
5;V00411;ENTRAINEMENT;GALET, POULIE, DAMPER;;;17/08/2015;59.04;29.49
1;V00105;FILTRATION;FILTRE HABITACLE;95320;SAINT LEU LA FORET;14/06/2017;9.29;27.77
2;V00795;VITRAGE;DIVERS VITRAGE 0;94120;FONTENAY-SOUS-BOIS;25/05/2016;22.79;38.57
8;V01009;DIRECTION, SUSPENSION, TRANSMISSION;ROTULE, BIELLETTE, TRIANGLE, SILENTBLOC;78130;LES MUREAUX;02/11/2017;32.45;41.82
1;V00937;ELECTRICITE;POMPE CARBURANT, HUILE, LAVE GLACE;95310;ST OUEN L AUMONE;02/01/2017;188.01;35.71
1;V00638;ECLAIRAGE;;95840;VILLIERS ADAM;15/01/2015;114.48;36.75
1;V00330;MOTEUR;SUPPORT MOTEUR;95015;CERGY PONTOISE;12/09/2016;22.85;26.17
5;V00411;FREINAGE;PLAQUETTE;;;17/11/2015;9.84;70.73
5;V00411;FREINAGE;TEMOIN D'USURE;;;31/08/2017;3.33;36.04
7;V00641;ELECTRICITE;BATTERIE;95650;BOISSY L AILLERIE;11/10/2016;59.20;43.34
8;V00166;ACCESSOIRE AUTO, PRODUIT ENTRETIEN;ESSUIE GLACES;95650;PUISEUX PONTOISE;12/06/2017;31.73;19.16
8;V00572;VITRAGE;DIVERS VITRAGE 0;95650;PUISEUX PONTOISE;20/10/2015;15.53;24.08
5;V00411;FILTRATION;FILTRE A CARBURANT;;;01/10/2015;29.41;37.91
5;V00411;ELECTRICITE;BATTERIE;;;06/12/2017;431.48;34.17
8;V01009;FILTRATION;FILTRE HABITACLE;78130;LES MUREAUX;13/07/2017;22.16;27.66
6;V00192;FILTRATION;FILTRE HABITACLE;95650;PUISEUX-PONTOISE;17/05/2016;11.83;29.33
7;V00739;FILTRATION;FILTRE A HUILE;95000;CERGY;04/01/2016;7.88;21.83
6;V00331;FILTRATION;FILTRE A HUILE;95640;MARINES;25/10/2016;12.95;25.71
2;V01154;VITRAGE;DIVERS VITRAGE 0;;;24/10/2017;0;0
8;V00968;ENTRAINEMENT;COURROIES;95310;ST OUEN L AUMONE;14/11/2016;55.49;48.30
2;V00813;EQUIPEMENT ATELIER;MATERIEL;95170;DEUIL LA BARRE;07/10/2015;60.60;38.37
1;V01113;ECHAPPEMENT;ACCESSOIRES DE MONTAGE;95250;BEAUCHAMP;02/06/2016;1.37;60.58
5;V00411;CONSOMMABLE MECANIQUE;ESSUIE GLACES;;;24/04/2015;27.86;42.86
1;V00255;VITRAGE;DIVERS VITRAGE 0;95150;TAVERNY;07/09/2015;388.80;24.75
5;V00411;29;;;;13/02/2015;10.87;36.71
8;V00166;ELECTRICITE;BATTERIE;95650;PUISEUX PONTOISE;24/01/2017;70.20;33.33
1;V00937;CONSOMMABLE CARROSSERIE;GAZ;95310;ST OUEN L AUMONE;22/01/2015;13.68;39.99
2;V01065;VITRAGE;PEINTURE, VERNIS, DURCISSEUR, PPS;78630;ORGEVAL;08/06/2017;32.85;69.56
1;V00181;ENTRAINEMENT;ALTERNATEUR;95320;SAINT LEU LA FORET;08/02/2017;111.43;46.66
8;V00968;FILTRATION;FILTRE A CARBURANT;95310;ST OUEN L AUMONE;02/01/2015;23.74;25.65
5;V00411;CONSOMMABLE CARROSSERIE;;;;03/03/2015;43.50;20
8;V00166;DIVERS;DIVERS 0;95650;PUISEUX PONTOISE;27/05/2016;65.83;-20.01
8;V00968;FILTRATION;FILTRE A AIR;95310;ST OUEN L AUMONE;14/08/2017;9.64;27.70
1;V01260;ENTRAINEMENT;COURROIES;95420;MAGNY EN VEXIN;07/09/2017;21.78;39.99
7;V01044;EQUIPEMENT ATELIER;OUTILLAGE;95480;PIERRELAYE;03/12/2015;68;30
5;V00411;VITRAGE;DIVERS VITRAGE 0;;;12/11/2015;23.26;31.04
5;V00559;ECLAIRAGE;LAMPE, AMPOULE, AMPOULE PHARE;60119;HENONVILLE;02/05/2017;14.63;59.54
7;V00464;ELECTRICITE;CAPTEURS, SONDES;95301;PONTOISE;01/12/2015;12.88;53.65
5;V01105;LIQUIDE;HUILE MOTEUR;.;.;03/12/2016;15.14;37.91
5;V00411;ECHAPPEMENT;TUBE, SILENCIEUX;;;22/03/2017;78.15;38.67
5;V00411;VITRAGE;DIVERS VITRAGE 0;;;27/03/2017;12.59;16.60
2;V00763;VITRAGE;DIVERS VITRAGE 0;92500;RUEIL MALMAISON;08/06/2017;72.40;37.27
2;V00798;VITRAGE;DIVERS VITRAGE 0;92150;SURESNES;17/01/2017;216.16;38.34
5;V00411;LIQUIDE;HUILE MOTEUR;;;02/11/2015;26.59;45.66
1;V01266;FILTRATION;FILTRE HABITACLE;95310;ST OUEN L AUMONE;30/11/2017;17.87;31.34
1;V00662;EQUIPEMENT ATELIER;OUTILLAGE;95310;ST OUEN L AUMONE;15/07/2016;21.78;29.98
5;V00411;LIQUIDE;LIQUIDE DE REFROIDISSEMENT;;;07/04/2016;13.46;29.42
1;V00937;DIVERS;CABLE;95310;ST OUEN L AUMONE;16/05/2017;-43.40;44.29
5;V00411;ACCESSOIRE AUTO, PRODUIT ENTRETIEN;DIVERS ACCESSOIRES, ENTRETIEN;;;23/06/2015;49.09;34.47
8;V00572;ECLAIRAGE;LAMPE, AMPOULE, AMPOULE PHARE;95650;PUISEUX PONTOISE;05/11/2016;49.92;55.01
8;V00166;FILTRATION;FILTRE A HUILE;95650;PUISEUX PONTOISE;16/11/2016;15.90;21.64
7;V00464;ELECTRICITE;BOUGIE D'ALLUMAGE;95301;PONTOISE;25/04/2016;18;38.33
1;V00330;DIVERS;DIVERS 0;95015;CERGY PONTOISE;15/09/2015;196.20;14.99
8;V00166;ELECTRICITE;CAPTEURS, SONDES;95650;PUISEUX PONTOISE;16/02/2016;36.80;25
2;V00827;VITRAGE;DIVERS VITRAGE 0;91470;LIMOURS;04/07/2017;216.02;31.02
7;V00688;DIRECTION, SUSPENSION, TRANSMISSION;BUTEE, SEMELLE, COUPELLE, KIT DE PROTECTION;;;29/07/2016;69.88;37.84
8;V00166;FILTRATION;FILTRE A CARBURANT;95650;PUISEUX PONTOISE;17/07/2017;20.02;25.87
5;V00411;ENTRAINEMENT;KIT DE DISTRIBUTION AVEC POMPE A EAU;;;29/09/2015;139.20;36.67
7;V00739;MOTEUR;PIECES MOTEUR;95000;CERGY;26/12/2016;32.02;38.57
5;V00424;LIQUIDE;HUILE MOTEUR;;;26/05/2016;-9.46;37.84
1;V00580;EQUIPEMENT ATELIER;OUTILLAGE;95150;Taverny;14/03/2017;0;0
7;V00676;FILTRATION;FILTRE HABITACLE;95520;OSNY;10/07/2017;43.05;28.50
8;V00968;FILTRATION;FILTRE HABITACLE;95310;ST OUEN L AUMONE;22/03/2016;27.44;25.66
6;V00752;EQUIPEMENT ATELIER;OUTILLAGE;95450;VIGNY;24/03/2015;-18.21;24.71
14;V01214;DIVERS;BAGUE, JOINT;;;24/03/2017;34.10;25.54
8;V00166;FREINAGE;DISQUE;95650;PUISEUX PONTOISE;26/10/2015;56.53;27.49
7;V01044;ELECTRICITE;DIVERS ELECTRICITE 0;95480;PIERRELAYE;21/09/2015;1.87;52.41
5;V00411;LIQUIDE;DIVERS LIQUIDES;;;08/11/2016;83.53;29.04
7;V00739;FREINAGE;PLAQUETTE;95000;CERGY;27/05/2016;85.61;21.48
8;V00166;FILTRATION;FILTRE HABITACLE;95650;PUISEUX PONTOISE;27/12/2016;9.41;25.72
7;V00695;ENTRAINEMENT;COURROIES;95450;CONDECOURT;06/12/2016;30.30;40
5;V00424;THERMIQUE;PIECE DE CLIMATISATION;;;08/11/2017;47.45;20
5;V00411;DIVERS;DIVERS 0;;;03/10/2015;59.42;15.11
1;V00179;FREINAGE;PLAQUETTE;78700;CONFLANS ST HONORINE;26/12/2017;43.86;51.66
1;V00043;FILTRATION;FILTRE A HUILE;95150;TAVERNY;12/04/2017;-6.82;29.47
5;V00411;DIRECTION, SUSPENSION, TRANSMISSION;ROTULE, BIELLETTE, TRIANGLE, SILENTBLOC;;;20/11/2015;89.95;42
5;V00411;FREINAGE;PLAQUETTE;;;07/09/2016;56.48;54.04
5;V00411;EQUIPEMENT ATELIER;CONSOMABLE;;;17/01/2017;17.93;25.77
1;V00074;EQUIPEMENT ATELIER;MATERIEL;95250;BEAUCHAMP;24/06/2015;32.47;25.93
7;V01044;FILTRATION;FILTRE A HUILE;95480;PIERRELAYE;20/05/2015;6.74;25.67
2;V00803;EQUIPEMENT ATELIER;CONSOMABLE;78380;BOUGIVAL;11/09/2017;26.75;44.71
1;V01201;ELECTRICITE;BOUGIE D'ALLUMAGE;95520;OSNY;24/05/2017;23.74;32.73
1;V00358;ENTRAINEMENT;COURROIES;;;03/02/2015;-11.70;50
7;V01111;ENTRAINEMENT;COURROIES;95000;CERGY;02/06/2017;9.68;39.98
8;V00968;FILTRATION;FILTRE HABITACLE;95310;ST OUEN L AUMONE;19/12/2016;21.77;25.63
1;V00302;FILTRATION;FILTRE HABITACLE;95800;CERGY ST.CHRISTOPHE;17/11/2015;9.53;29.38
5;V00411;FILTRATION;FILTRE A CARBURANT;;;21/01/2017;87.75;32.49
2;V01155;EQUIPEMENT ATELIER;MATERIEL;92700;COLOMBES;31/10/2017;47.25;56.66
8;V00098;EQUIPEMENT ATELIER;MATERIEL;78700;CONFLANS STE HONORINE;05/09/2017;674.86;2.91
8;V00968;FREINAGE;PLAQUETTE;95310;ST OUEN L AUMONE;19/06/2015;96.44;27.48
6;V00331;FREINAGE;DISQUE;95640;MARINES;18/05/2015;76.10;42
8;V00166;FILTRATION;FILTRE A HUILE;95650;PUISEUX PONTOISE;29/03/2016;4.86;21.60
5;V01231;LIQUIDE;HUILE MOTEUR;;;29/07/2017;19.78;39.28
8;V01068;LIQUIDE;DIVERS LIQUIDES;95004;CERGY PONTOISE CEDEX;17/10/2016;8.70;2.87
8;V00968;FILTRATION;FILTRE HABITACLE;95310;ST OUEN L AUMONE;02/03/2016;8.84;25.68
8;V01009;DIRECTION, SUSPENSION, TRANSMISSION;BUTEE, SEMELLE, COUPELLE, KIT DE PROTECTION;78130;LES MUREAUX;17/12/2015;9.75;34.56
1;V00255;ACCESSOIRE AUTO, PRODUIT ENTRETIEN;PLAQUE D'IMMATRICULATION;95150;TAVERNY;20/02/2015;18;52.22
8;V00968;FREINAGE;DISQUE;95310;ST OUEN L AUMONE;12/06/2015;53.20;27.50
8;V00166;DIVERS;DIVERS 0;95650;PUISEUX PONTOISE;31/03/2016;198;0
2;V00766;VITRAGE;DIVERS VITRAGE 0;93120;LA COURNEUVE;08/06/2016;28.36;37.80
5;V00960;EMBRAYAGE;HYDRAULIQUE,  EMETTEUR, RECEPTEUR, BUTEE;;;23/06/2016;5.22;38.31
7;V01164;ELECTRICITE;BOUGIE DE PRECHAUFFAGE;95650;BOISSY L AILLERIE;20/10/2017;74.12;34.55
5;V01080;LIQUIDE;HUILE MOTEUR;60119;HENONVILLE;13/09/2017;25.35;33.93
8;V00968;ECHAPPEMENT;ACCESSOIRES DE MONTAGE;95310;ST OUEN L AUMONE;12/09/2016;32.90;57.72
6;V00752;26;;95450;VIGNY;03/03/2015;-9.74;46.61
6;V01098;FILTRATION;FILTRE A HUILE;.;.;02/07/2015;6.94;25.79
5;V00411;LIQUIDE;LIQUIDE DE REFROIDISSEMENT;;;08/08/2016;23.64;28.09
7;V00739;FILTRATION;FILTRE HABITACLE;95000;CERGY;12/08/2016;13.53;25.65
5;V00110;FILTRATION;FILTRE A HUILE;95450;US;21/02/2017;5.72;38.11
5;V00411;ELECTRICITE;BATTERIE;;;30/09/2016;111.25;38.80
8;V00968;FILTRATION;FILTRE A HUILE;95310;ST OUEN L AUMONE;21/11/2017;8.70;25.86
7;V01164;VITRAGE;DIVERS VITRAGE 0;95650;BOISSY L AILLERIE;07/06/2017;-21.25;55.39
2;V01157;VITRAGE;ABRASIF, MASQUAGE;93170;BAGNOLET;27/09/2017;42.88;29.99
2;V00822;VITRAGE;DIVERS VITRAGE 0;95150;TAVERNY;26/04/2016;5.98;62.71
7;V00739;VITRAGE;DIVERS VITRAGE 0;95000;CERGY;24/11/2016;10.58;26.65
7;V00676;FILTRATION;FILTRE A CARBURANT;95520;OSNY;21/04/2016;21.67;21.74
8;V00572;EQUIPEMENT ATELIER;MATERIEL;95650;PUISEUX PONTOISE;09/11/2016;229.24;6.80
5;V00974;LIQUIDE;HUILE MOTEUR;;;02/05/2016;21.62;45.65
1;V00638;29;;95840;VILLIERS ADAM;03/02/2015;580.15;47.93
1;V00074;ENTRAINEMENT;COURROIES;95250;BEAUCHAMP;05/01/2015;12.36;50
2;V00759;EQUIPEMENT ATELIER;CONSOMABLE;92100;BOULOGNE BILLANCOURT;24/11/2017;104.10;41.20
5;V01010;LIQUIDE;LAVE GLACE;95800;COURDIMANCHE;10/02/2017;3.77;24.40
1;V00358;FREINAGE;PLAQUETTE;;;15/09/2016;0;0
5;V00411;LIQUIDE;LIQUIDE DE FREIN;;;16/09/2016;5.16;33.33
7;V00464;MOTEUR;SUPPORT MOTEUR;95301;PONTOISE;06/09/2017;27.56;26.16
1;V00633;VITRAGE;PARE BRISE, LUNETTE;95150;TAVERNY;10/02/2015;26.59;30.01
5;V00411;ECHAPPEMENT;ACCESSOIRES DE MONTAGE;;;12/07/2016;25.39;51.56
7;V01111;FREINAGE;DISQUE;95000;CERGY;24/10/2016;50;42
7;V00676;DIVERS;BAGUE, JOINT;95520;OSNY;02/10/2015;4.62;30.09
6;V00752;ELECTRICITE;POMPE CARBURANT, HUILE, LAVE GLACE;95450;VIGNY;21/07/2015;117.60;35.71
5;V00411;LIQUIDE;LIQUIDE DE FREIN;;;07/05/2015;8.16;58.33
1;V00662;VITRAGE;DIVERS VITRAGE 0;95310;ST OUEN L AUMONE;04/01/2017;206.32;51.27
7;V00714;EQUIPEMENT ATELIER;CONSOMABLE;95520;OSNY;23/06/2017;17.75;38.48
1;V01029;ACCESSOIRE AUTO, PRODUIT ENTRETIEN;PLAQUE D'IMMATRICULATION;95800;CERGY;04/09/2017;9;52.22
1;V01122;EQUIPEMENT ATELIER;MATERIEL;95310;ST OUEN L AUMONE;09/02/2017;0;0
6;V00752;FREINAGE;FLEXIBLE DE FREIN;95450;VIGNY;23/01/2015;-10.18;28.29
7;V00739;ELECTRICITE;BOUGIE DE PRECHAUFFAGE;95000;CERGY;18/01/2017;49.74;28.01
6;V00331;DIVERS;DIVERS 0;95640;MARINES;13/09/2016;172.50;33.33
8;V00166;FREINAGE;PLAQUETTE;95650;PUISEUX PONTOISE;07/03/2015;17.89;27.50
1;V01145;ACCESSOIRE AUTO, PRODUIT ENTRETIEN;DIVERS ACCESSOIRES, ENTRETIEN;95840;VILLIERS ADAM;28/11/2016;-13.81;37.65
5;V00411;ECLAIRAGE;LAMPE, AMPOULE, AMPOULE PHARE;;;27/11/2017;11.61;51.42
2;V00807;VITRAGE;DIVERS VITRAGE 0;95650;BOISSY L AILLERIE;27/06/2016;87.04;37.59
1;V00992;VITRAGE;ABRASIF, MASQUAGE;95220;HERBLAY;24/01/2017;42.88;29.99
5;V00411;FREINAGE;PLAQUETTE;;;19/01/2016;214.98;43.27
7;V00695;EMBRAYAGE;KIT EMBRAYAGE;95450;CONDECOURT;12/12/2017;104.75;26
7;V00695;FILTRATION;FILTRE A CARBURANT;95450;CONDECOURT;26/09/2016;2.86;21.68
2;V00985;VITRAGE;DIVERS VITRAGE 0;78580;LES ALLUETS LE ROI;27/01/2016;52.07;35.01
5;V00411;MOTEUR;DIVERS MOTEUR;;;18/04/2015;10.33;44.43
8;V00968;FILTRATION;FILTRE HABITACLE;95310;ST OUEN L AUMONE;15/05/2015;19.72;25.66
5;V00411;DIVERS;BAGUE, JOINT;;;13/10/2016;9.35;33.80
7;V01111;COMPTABILITE;CONSIGNE;95000;CERGY;23/06/2017;-100;0
8;V00572;ACCESSOIRE AUTO, PRODUIT ENTRETIEN;ADDITIF;95650;PUISEUX PONTOISE;04/05/2016;7.74;16.67
5;V00411;ENTRAINEMENT;COURROIES;;;21/11/2016;16.56;59.48
8;V00968;FREINAGE;PLAQUETTE;95310;ST OUEN L AUMONE;09/07/2015;98.58;27.50
1;V01260;FILTRATION;FILTRE A AIR;95420;MAGNY EN VEXIN;30/11/2017;10.57;27.72
5;V01071;EQUIPEMENT ATELIER;OUTILLAGE;95000;CERGY;14/12/2016;-1.06;100
6;V00752;FILTRATION;FILTRE A HUILE;95450;VIGNY;13/03/2015;13.28;25.60
6;V00192;ECHAPPEMENT;ACCESSOIRES DE MONTAGE;95650;PUISEUX-PONTOISE;31/03/2017;6.57;57.84
5;V00411;FREINAGE;PLAQUETTE;;;06/06/2017;155.04;43.90
5;V00411;EQUIPEMENT ATELIER;CONSOMABLE;;;16/10/2017;22.17;34.33
8;V00166;FILTRATION;FILTRE HABITACLE;95650;PUISEUX PONTOISE;29/09/2016;30.31;25.64
5;V00411;EQUIPEMENT ATELIER;OUTILLAGE;;;23/11/2015;48.13;36.96
2;V00769;VITRAGE;DIVERS VITRAGE 0;92240;MALAKOFF;09/06/2016;63.93;58.89
7;V00739;DIRECTION, SUSPENSION, TRANSMISSION;ROULEMENT;95000;CERGY;27/05/2016;-58.96;30.77
7;V00739;ECLAIRAGE;LAMPE, AMPOULE, AMPOULE PHARE;95000;CERGY;29/02/2016;125.40;30
5;V00513;FILTRATION;FILTRE A CARBURANT;95;;30/03/2016;4.26;25.59
7;V01044;EQUIPEMENT ATELIER;OUTILLAGE;95480;PIERRELAYE;25/08/2016;18.13;29.40
5;V00411;ENTRAINEMENT;KIT DE DISTRIBUTION AVEC POMPE A EAU;;;10/12/2016;0;0
5;V01104;FILTRATION;FILTRE A HUILE;92200;NEUILLY SUR SEINE;02/09/2015;6;25.67
5;V00413;DIRECTION, SUSPENSION, TRANSMISSION;TRANSMISSION;95610;ERAGNY;17/05/2016;193.63;36.67
1;V00074;EQUIPEMENT ATELIER;OUTILLAGE;95250;BEAUCHAMP;07/11/2016;93.93;22.74
6;V00331;FILTRATION;FILTRE HABITACLE;95640;MARINES;08/04/2015;-70.50;29.35
1;V00937;FREINAGE;DISQUE;95310;ST OUEN L AUMONE;30/08/2017;-49.50;50
1;V01081;LIQUIDE;HUILE MOTEUR;60240;FLEURY;11/12/2015;0;0
2;V01203;FREINAGE;DISQUE;95330;DOMONT;20/03/2017;112.86;40.74
6;V00331;FREINAGE;PLAQUETTE;95640;MARINES;07/07/2015;-51.30;42.24
5;V00411;FILTRATION;FILTRE HABITACLE;;;18/10/2017;30.36;31.29
8;V01009;FILTRATION;FILTRE A HUILE;78130;LES MUREAUX;05/12/2017;7.08;25.85
7;V00739;THERMIQUE;RADIATEUR;95000;CERGY;20/10/2015;190.85;3.93
7;V00739;13;;95000;CERGY;11/03/2015;-76.32;37.50
5;V00484;DIRECTION, SUSPENSION, TRANSMISSION;ROULEMENT;;;04/07/2017;45.30;36.67
6;V00331;LIQUIDE;HUILE MOTEUR;95640;MARINES;03/11/2016;62.30;42.86
7;V01148;ACCESSOIRE AUTO, PRODUIT ENTRETIEN;ADDITIF;60240;MONTJAVOULT;16/11/2016;16.67;30.59
5;V00411;CONSOMMABLE CARROSSERIE;;;;31/01/2015;41.47;34.89
8;V00572;DIVERS;DIVERS 0;95650;PUISEUX PONTOISE;07/06/2017;3.37;23.15
5;V00411;FREINAGE;FLEXIBLE DE FREIN;;;15/06/2016;39.48;40.12
7;V00465;DIRECTION, SUSPENSION, TRANSMISSION;TRANSMISSION;95520;OSNY;09/10/2017;0;0
6;V00228;VITRAGE;DIVERS VITRAGE 0;95300;ENNERY;22/02/2017;9.95;35.68
1;V00937;DIRECTION, SUSPENSION, TRANSMISSION;ROTULE, BIELLETTE, TRIANGLE, SILENTBLOC;95310;ST OUEN L AUMONE;29/05/2015;55.80;51.67
5;V00113;EQUIPEMENT ATELIER;CONSOMABLE;95300;PONTOISE;15/10/2015;53.84;42.85
7;V00676;FREINAGE;PLAQUETTE;95520;OSNY;28/11/2016;43.43;35.55
1;V01193;EQUIPEMENT ATELIER;CONSOMABLE;78700;CONFLANS STE HONORINE;30/05/2017;18.48;29.98
1;V00937;FILTRATION;FILTRE HABITACLE;95310;ST OUEN L AUMONE;28/07/2015;13.81;29.33
5;V00411;DIRECTION, SUSPENSION, TRANSMISSION;TRANSMISSION;;;03/10/2017;126.65;27.27
8;V01009;EQUIPEMENT ATELIER;CONSOMABLE;78130;LES MUREAUX;21/10/2016;13.43;28.52
1;V01201;FILTRATION;FILTRE A HUILE;95520;OSNY;28/11/2017;6.28;25.80
5;V00411;ENTRAINEMENT;COURROIES;;;01/07/2016;31.16;56.42
1;V00043;FILTRATION;FILTRE A CARBURANT;95150;TAVERNY;18/07/2017;21.82;29.56
8;V01009;ENTRAINEMENT;KIT DE DISTRIBUTION, ACCESSOIRES;78130;LES MUREAUX;09/06/2016;51.60;41.82
1;V01097;ENTRAINEMENT;COURROIES;95610;ERAGNY;23/07/2015;12.36;50
11;V00848;VITRAGE;RETROVISEUR, MIROIR;91800;BRUNOY;18/03/2015;67.91;26.48
7;V01162;VITRAGE;ABRASIF, MASQUAGE;95300;HEROUVILLE;23/03/2017;38.20;47.49
1;V01201;LIQUIDE;HUILE MOTEUR;95520;OSNY;04/12/2017;42;20.24
5;V00411;EQUIPEMENT ATELIER;CONSOMABLE;;;12/06/2017;16.38;38.83
8;V00166;ENTRAINEMENT;KIT DE DISTRIBUTION AVEC POMPE A EAU;95650;PUISEUX PONTOISE;30/05/2016;197.42;37.82
1;V00358;FILTRATION;FILTRE A HUILE;;;29/09/2015;-1.57;31.85
6;V00331;FREINAGE;PLAQUETTE;95640;MARINES;13/06/2017;22.50;42
7;V00641;ACCESSOIRE AUTO, PRODUIT ENTRETIEN;ESSUIE GLACES;95650;BOISSY L AILLERIE;02/06/2016;26.10;36.67
1;V00937;DIRECTION, SUSPENSION, TRANSMISSION;DIVERS PSD 0;95310;ST OUEN L AUMONE;04/03/2016;38.81;48.49
1;V00358;ELECTRICITE;BATTERIE;;;18/09/2015;82.49;43.33
1;V00177;EQUIPEMENT ATELIER;OUTILLAGE;95280;JOUY LE MOUTIER;23/09/2015;21.29;35.98
1;V00937;EMBRAYAGE;KIT EMBRAYAGE;95310;ST OUEN L AUMONE;05/05/2015;210.12;36.66
1;V01201;DIRECTION, SUSPENSION, TRANSMISSION;ROTULE, BIELLETTE, TRIANGLE, SILENTBLOC;95520;OSNY;11/05/2017;-103.32;43.63
5;V00411;VITRAGE;PEINTURE, VERNIS, DURCISSEUR, PPS;;;12/04/2017;50.16;29.82
1;V01113;DIVERS;DIVERS 0;95250;BEAUCHAMP;22/01/2016;530.60;27.69
1;V00105;DIRECTION, SUSPENSION, TRANSMISSION;TRANSMISSION;95320;SAINT LEU LA FORET;29/08/2017;119.74;37.93
7;V00676;ACCESSOIRE AUTO, PRODUIT ENTRETIEN;PLAQUE D'IMMATRICULATION;95520;OSNY;21/01/2015;18;52.22
7;V00688;DIVERS;DIVERS 0;;;12/11/2016;80.46;22.84
7;V00696;VITRAGE;PEINTURE, VERNIS, DURCISSEUR, PPS;95340;PERSAN;14/06/2016;127.68;34.12
7;V01100;LIQUIDE;HUILE MOTEUR;95450;US;05/08/2016;25.18;37.89
8;V00572;EQUIPEMENT ATELIER;CONSOMABLE;95650;PUISEUX PONTOISE;02/10/2015;24.95;13.35
5;V00411;ENTRAINEMENT;COURROIES;;;19/06/2015;18.17;53.82
8;V00166;VITRAGE;DIVERS VITRAGE 0;95650;PUISEUX PONTOISE;03/11/2015;4.12;5.83
8;V00166;EMBRAYAGE;HYDRAULIQUE,  EMETTEUR, RECEPTEUR, BUTEE;95650;PUISEUX PONTOISE;26/09/2017;9.88;32.29
7;V01105;LIQUIDE;LIQUIDE DE REFROIDISSEMENT;.;.;30/06/2016;6.28;24.36
5;V00411;DIVERS;DIVERS 0;;;22/12/2015;50.71;27.94
5;V00411;LIQUIDE;HUILE MOTEUR;;;18/12/2015;64.21;40.51
1;V00937;DIRECTION, SUSPENSION, TRANSMISSION;BUTEE, SEMELLE, COUPELLE, KIT DE PROTECTION;95310;ST OUEN L AUMONE;03/03/2017;63.98;37.14
1;V01122;EQUIPEMENT ATELIER;MATERIEL;95310;ST OUEN L AUMONE;06/10/2016;51;39.45
7;V01125;LIQUIDE;HUILE MOTEUR;95450;US;06/05/2016;46.46;40.12
8;V00166;VITRAGE;RETROVISEUR, MIROIR;95650;PUISEUX PONTOISE;20/11/2017;20.14;47.47
1;V00937;FILTRATION;FILTRE A AIR;95310;ST OUEN L AUMONE;30/12/2015;23.93;29.42
8;V00968;FILTRATION;FILTRE A CARBURANT;95310;ST OUEN L AUMONE;20/06/2015;45.14;21.73
1;V00208;EQUIPEMENT ATELIER;CONSOMABLE;78700;CONFLANS STE HONORIN;13/09/2017;29.45;55.31
7;V01111;FREINAGE;PLAQUETTE;95000;CERGY;01/04/2017;62.85;3.34
8;V01009;FILTRATION;FILTRE A HUILE;78130;LES MUREAUX;15/12/2016;26.39;21.75
1;V00937;FILTRATION;FILTRE A HUILE;95310;ST OUEN L AUMONE;12/01/2016;5.10;25.69
7;V00676;FREINAGE;PLAQUETTE;95520;OSNY;24/02/2016;31.90;47.37
5;V00411;THERMIQUE;PIECE DE CLIMATISATION;;;03/08/2016;77;20
8;V01009;FILTRATION;FILTRE A AIR;78130;LES MUREAUX;20/09/2017;10.04;27.69
8;V00968;EMBRAYAGE;HYDRAULIQUE,  EMETTEUR, RECEPTEUR, BUTEE;95310;ST OUEN L AUMONE;19/05/2017;30.17;31.19
1;V00177;EQUIPEMENT ATELIER;OUTILLAGE;95280;JOUY LE MOUTIER;28/11/2016;19.02;30.02
2;V01269;VITRAGE;DIVERS VITRAGE 0;95150;TAVERNY;19/10/2017;7.36;43.75
1;V01075;VITRAGE;PARE BRISE, LUNETTE;95310;ST OUEN L AUMONE;01/04/2015;37.16;43.76
5;V00411;DIRECTION, SUSPENSION, TRANSMISSION;ROULEMENT;;;13/06/2016;162.37;32.31
1;V00636;FILTRATION;FILTRE A AIR;95310;ST OUEN L AUMONE;13/10/2016;10.03;29.31
7;V00660;EQUIPEMENT ATELIER;OUTILLAGE;95000;CERGY;25/03/2015;0;0
5;V00411;ACCESSOIRE AUTO, PRODUIT ENTRETIEN;DIVERS ACCESSOIRES, ENTRETIEN;;;26/09/2016;7.98;47.37
1;V00636;LIQUIDE;HUILE MOTEUR;95310;ST OUEN L AUMONE;01/06/2015;24.34;37.88
1;V00358;MOTEUR;;;;28/01/2015;20.84;14.01
5;V00411;FILTRATION;FILTRE A AIR;;;26/03/2016;13.01;41.12
7;V00739;FILTRATION;FILTRE HABITACLE;95000;CERGY;08/02/2016;14.27;25.65
7;V00676;COMPTABILITE;CONSIGNE;95520;OSNY;02/07/2015;-75;0
6;V00192;ELECTRICITE;BOBINE;95650;PUISEUX-PONTOISE;28/12/2017;48.60;40.82
1;V00937;FILTRATION;FILTRE A AIR;95310;ST OUEN L AUMONE;26/01/2015;8.90;29.44
5;V00956;VITRAGE;RETROVISEUR, MIROIR;;;02/10/2017;43;5.63
1;V00358;EQUIPEMENT ATELIER;CONSOMABLE;;;23/03/2016;44.36;33.34
5;V00513;ELECTRICITE;CAPTEURS, SONDES;95;;12/09/2016;36.90;34.99
1;V00358;ENTRAINEMENT;GALET, POULIE, DAMPER;;;13/01/2015;-215.40;36.67
7;V00740;DIRECTION, SUSPENSION, TRANSMISSION;ROTULE, BIELLETTE, TRIANGLE, SILENTBLOC;95300;ENNERY;22/02/2017;83.16;43.63
8;V01009;ACCESSOIRE AUTO, PRODUIT ENTRETIEN;ESSUIE GLACES;78130;LES MUREAUX;26/10/2017;38.35;31.92
5;V00411;DIRECTION, SUSPENSION, TRANSMISSION;ROTULE, BIELLETTE, TRIANGLE, SILENTBLOC;;;10/03/2015;56.22;47.28
1;V00992;VITRAGE;DIVERS VITRAGE 0;95220;HERBLAY;02/11/2015;-132;30
7;V00676;ECLAIRAGE;LAMPE, AMPOULE, AMPOULE PHARE;95520;OSNY;06/09/2016;-15.67;47.35
1;V01145;FILTRATION;FILTRE A HUILE;95840;VILLIERS ADAM;20/05/2016;4.61;25.60
5;V00974;FREINAGE;PLAQUETTE;;;13/07/2016;11.98;50
2;V00871;VITRAGE;DIVERS VITRAGE 0;95390;ST PRIX;23/04/2015;11.18;43.65
7;V00697;LIQUIDE;LIQUIDE DE REFROIDISSEMENT;95800;COURDIMANCHE;23/12/2015;21.55;33.87
7;V00695;VITRAGE;PARE BRISE, LUNETTE;95450;CONDECOURT;18/09/2017;94.95;0
1;V00449;ELECTRICITE;BATTERIE;95027;CERGY-PONTOISE CEDEX;03/03/2017;551.70;-11.03
5;V00484;LIQUIDE;LIQUIDE DE REFROIDISSEMENT;;;07/03/2015;19.70;42.03
5;V00411;VITRAGE;DIVERS VITRAGE 0;;;29/09/2017;52.54;39.21
8;V00166;FILTRATION;FILTRE A AIR;95650;PUISEUX PONTOISE;04/03/2015;10.87;29.35
5;V00411;FREINAGE;DIVERS FREIN 0;;;08/02/2016;99.20;26.79
5;V00411;LIQUIDE;HUILE DE BOITE;;;23/06/2016;33.91;44.09
8;V00166;FILTRATION;FILTRE A CARBURANT;95650;PUISEUX PONTOISE;12/01/2017;16.25;21.72
1;V00638;FILTRATION;FILTRE A CARBURANT;95840;VILLIERS ADAM;11/02/2016;-30.39;25.67
5;V00411;LIQUIDE;HUILE DE BOITE;;;07/04/2016;-4.13;25.18
5;V00411;EQUIPEMENT ATELIER;CONSOMABLE;;;13/05/2016;16.20;28.21
2;V00766;VITRAGE;DIVERS VITRAGE 0;93120;LA COURNEUVE;21/06/2017;598.97;26.70
1;V01081;ECLAIRAGE;LAMPE, AMPOULE, AMPOULE PHARE;60240;FLEURY;01/07/2016;7.14;55.04
8;V00968;ENTRAINEMENT;KIT DE DISTRIBUTION AVEC POMPE A EAU;95310;ST OUEN L AUMONE;22/02/2016;99.19;37.82
1;V00449;VITRAGE;DIVERS VITRAGE 0;95027;CERGY-PONTOISE CEDEX;01/03/2016;132.83;41.73
7;V00676;ACCESSOIRE AUTO, PRODUIT ENTRETIEN;ADDITIF;95520;OSNY;15/12/2016;53.20;40.79
1;V01208;EQUIPEMENT ATELIER;MATERIEL;95320;ST LEU LA FORET;23/02/2017;3110;22.93
5;V00411;ENTRAINEMENT;COURROIES;;;03/01/2017;16.05;51.40
8;V00166;FREINAGE;PLAQUETTE;95650;PUISEUX PONTOISE;25/02/2017;37.20;27.50
1;V00675;ENTRAINEMENT;GALET, POULIE, DAMPER;95802;CERGY-PONTOISE CEDEX;27/04/2017;45;41.44
1;V00937;FILTRATION;FILTRE HABITACLE;95310;ST OUEN L AUMONE;07/06/2016;25.98;29.37
5;V00411;ENTRAINEMENT;COURROIE DE DISTRIBUTION;;;31/10/2016;24.95;36.07
8;V00166;DIVERS;DIVERS 0;95650;PUISEUX PONTOISE;25/01/2016;233.32;0
5;V00411;INDEFINI;INDEFINI;;;08/04/2015;40.60;31.03
7;V00688;DIVERS;CABLE;;;07/04/2017;22.86;35
1;V00675;ACCESSOIRE AUTO, PRODUIT ENTRETIEN;DIVERS ACCESSOIRES, ENTRETIEN;95802;CERGY-PONTOISE CEDEX;31/03/2016;3.20;34.38
7;V00749;EMBRAYAGE;KIT EMBRAYAGE;78570;CHANTELOUP LES VIGNES;21/10/2015;73.06;29.29
5;V00411;DIRECTION, SUSPENSION, TRANSMISSION;BUTEE, SEMELLE, COUPELLE, KIT DE PROTECTION;;;05/06/2015;89.16;28.22
5;V00411;DIRECTION, SUSPENSION, TRANSMISSION;AMORTISSEUR;;;02/11/2016;184.30;20
7;V00749;FILTRATION;FILTRE A AIR;78570;CHANTELOUP LES VIGNES;16/03/2016;9.21;25.73
1;V00074;ECHAPPEMENT;ACCESSOIRES DE MONTAGE;95250;BEAUCHAMP;11/04/2017;31.28;56.75
8;V00166;DIRECTION, SUSPENSION, TRANSMISSION;ROULEMENT;95650;PUISEUX PONTOISE;25/02/2016;130;10
1;V00177;FILTRATION;FILTRE A AIR;95280;JOUY LE MOUTIER;03/07/2015;10.88;29.41
6;V00601;ESSUYAGE;;95310;ST OUEN L AUMONE;22/04/2015;37.98;31.67
5;V00411;ENTRAINEMENT;GALET, POULIE, DAMPER;;;14/11/2016;125.79;32.98
5;V00411;ECLAIRAGE;LAMPE, AMPOULE, AMPOULE PHARE;;;07/11/2017;1.74;51.15
1;V01122;VITRAGE;DIVERS VITRAGE 0;95310;ST OUEN L AUMONE;07/06/2017;105.06;48.06
5;V00411;LIQUIDE;LIQUIDE DE REFROIDISSEMENT;;;21/08/2017;7.52;38.16
1;V00178;ACCESSOIRE AUTO, PRODUIT ENTRETIEN;PLAQUE D'IMMATRICULATION;95280;JOUY LE MOUTIER;27/11/2017;9.75;55.90
5;V01105;LIQUIDE;LIQUIDE DE FREIN;.;.;05/09/2017;2.58;33.33
7;V00739;FILTRATION;FILTRE HABITACLE;95000;CERGY;06/07/2016;8.90;25.51
1;V00662;VITRAGE;COLLE, MASTIC, REVETEMENT;95310;ST OUEN L AUMONE;13/07/2016;0,96;-66.67
6;V00331;ENTRAINEMENT;KIT DE DISTRIBUTION AVEC POMPE A EAU;95640;MARINES;02/10/2015;153.08;41.54
2;V00861;VITRAGE;PEINTURE, VERNIS, DURCISSEUR, PPS;93210;LA PLAINE ST DENIS;20/04/2017;39.60;33.33
7;V00714;EQUIPEMENT ATELIER;MATERIEL;95520;OSNY;30/05/2016;154;62.89
5;V00411;ACCESSOIRE AUTO, PRODUIT ENTRETIEN;ADDITIF;;;20/12/2017;31.43;18.87
2;V00985;VITRAGE;ABRASIF, MASQUAGE;78580;LES ALLUETS LE ROI;03/07/2015;95.59;47.22
11;V00868;EQUIPEMENT ATELIER;OUTILLAGE;59148;FLINES LEZ RACHES;14/01/2015;92.54;22.31
1;V00624;EQUIPEMENT ATELIER;OUTILLAGE;95310;ST OUEN L AUMONE;24/11/2017;4.95;22.02
1;V01260;COMPTABILITE;CONSIGNE;95420;MAGNY EN VEXIN;19/10/2017;-83.34;40
6;V00228;FILTRATION;FILTRE A CARBURANT;95300;ENNERY;08/02/2017;10.56;25.66
5;V00411;ELECTRICITE;CAPTEURS, SONDES;;;16/09/2016;102.20;25.71
8;V00166;ELECTRICITE;BATTERIE;95650;PUISEUX PONTOISE;05/08/2015;54.07;24.45
8;V01009;ELECTRICITE;CAPTEURS, SONDES;78130;LES MUREAUX;20/07/2015;35.90;33.12
7;V00739;DIRECTION, SUSPENSION, TRANSMISSION;DIVERS PSD 0;95000;CERGY;24/03/2015;74.25;41.33
1;V00633;VITRAGE;DIVERS VITRAGE 0;95150;TAVERNY;02/05/2016;16.56;57.91
7;V00739;COMPTABILITE;CONSIGNE;95000;CERGY;24/03/2017;30.49;0
2;V01155;VITRAGE;ABRASIF, MASQUAGE;92700;COLOMBES;31/10/2017;43.46;32.67
1;V00178;EQUIPEMENT ATELIER;OUTILLAGE;95280;JOUY LE MOUTIER;28/10/2016;134.83;35.83
1;V01144;PNEUS;PNEUS;75017;PARIS 17EME ARRONDISSEMENT;21/07/2017;580;17.91
7;V00676;FILTRATION;FILTRE A HUILE;95520;OSNY;10/02/2016;4.86;21.60
7;V01125;ENTRAINEMENT;POMPE A EAU;95450;US;23/06/2016;48.30;38.32
1;V01081;ECHAPPEMENT;ACCESSOIRES DE MONTAGE;60240;FLEURY;15/06/2016;32.25;57.64
5;V00430;ELECTRICITE;BATTERIE;;;15/05/2015;47.79;31.99
7;V00739;FILTRATION;FILTRE A HUILE;95000;CERGY;03/04/2017;21.32;25.80
6;V00289;DIVERS;BAGUE, JOINT;;;18/02/2016;25.41;28.34
8;V00968;FILTRATION;FILTRE A HUILE;95310;ST OUEN L AUMONE;14/08/2015;-6.40;21.72
2;V00822;VITRAGE;DIVERS VITRAGE 0;95150;TAVERNY;14/03/2016;201.57;47.01
8;V00968;FREINAGE;DISQUE;95310;ST OUEN L AUMONE;06/09/2016;55.44;20
1;V00177;FILTRATION;FILTRE A AIR;95280;JOUY LE MOUTIER;01/09/2015;33.84;29.34
8;V00968;MOTEUR;DIVERS MOTEUR;95310;ST OUEN L AUMONE;13/04/2015;18.01;39.37
8;V00166;DIVERS;DIVERS 0;95650;PUISEUX PONTOISE;15/12/2017;3.56;16.57
2;V00788;VITRAGE;DIVERS VITRAGE 0;78650;BEYNES;25/09/2017;133.35;41.24
7;V00464;ACCESSOIRE AUTO, PRODUIT ENTRETIEN;DIVERS ACCESSOIRES, ENTRETIEN;95301;PONTOISE;11/07/2017;16.50;38.18
5;V00411;INDEFINI;INDEFINI;;;26/07/2016;5.56;56.65
8;V00166;26;;95650;PUISEUX PONTOISE;05/02/2015;3.53;33.43
7;V00740;FILTRATION;FILTRE A CARBURANT;95300;ENNERY;30/09/2016;19.70;21.78
6;V00289;FILTRATION;FILTRE HABITACLE;;;13/05/2016;-15.36;35.81
1;V01113;FILTRATION;FILTRE HABITACLE;95250;BEAUCHAMP;08/10/2015;9.97;29.29
1;V01260;ELECTRICITE;CAPTEURS, SONDES;95420;MAGNY EN VEXIN;20/12/2017;0;0
8;V00166;EQUIPEMENT ATELIER;CONSOMABLE;95650;PUISEUX PONTOISE;04/08/2015;15.54;26
1;V00937;FILTRATION;FILTRE A HUILE;95310;ST OUEN L AUMONE;30/07/2015;6.80;25.59
5;V00559;FILTRATION;FILTRE A HUILE;60119;HENONVILLE;19/06/2015;6;25.67
5;V01105;LIQUIDE;LIQUIDE DE FREIN;.;.;21/07/2017;2.58;33.33
5;V00411;DIRECTION, SUSPENSION, TRANSMISSION;ROULEMENT;;;07/10/2017;150.87;36.33
8;V00166;FILTRATION;FILTRE HABITACLE;95650;PUISEUX PONTOISE;13/04/2015;15.55;29.39
5;V00559;ELECTRICITE;CAPTEURS, SONDES;60119;HENONVILLE;13/04/2017;55.80;30.77
7;V00676;VITRAGE;DIVERS VITRAGE 0;95520;OSNY;06/01/2017;10.66;34.05
7;V00739;FILTRATION;FILTRE A AIR;95000;CERGY;18/09/2015;-10.51;25.59
5;V00424;ENTRAINEMENT;DEMARREUR;;;09/07/2015;-110.75;100
7;V00739;ELECTRICITE;CAPTEURS, SONDES;95000;CERGY;13/11/2017;-26.80;53.62
8;V01009;ACCESSOIRE AUTO, PRODUIT ENTRETIEN;ESSUIE GLACES;78130;LES MUREAUX;03/05/2016;4.89;19.22
1;V01134;ENTRAINEMENT;GALET, POULIE, DAMPER;95650;PUISEUX PONTOISE;11/05/2016;61.97;47.14
8;V01009;ECHAPPEMENT;ACCESSOIRES DE MONTAGE;78130;LES MUREAUX;10/05/2016;7.72;57.77
6;V00601;ENTRAINEMENT;COURROIES;95310;ST OUEN L AUMONE;28/09/2015;8.37;49.94
1;V00636;FILTRATION;FILTRE HABITACLE;95310;ST OUEN L AUMONE;22/09/2015;21.06;29.39
5;V00411;DIVERS;BAGUE, JOINT;;;04/02/2016;33.80;39.67
5;V00529;DIVERS;DIVERS 0;95550;BESSANCOURT;04/08/2016;272.38;34.55
8;V00968;ENTRAINEMENT;COURROIES;95310;ST OUEN L AUMONE;30/04/2015;13.65;36.12
6;V00331;LIQUIDE;HUILE MOTEUR;95640;MARINES;27/07/2017;15.69;38.62
6;V00331;ECHAPPEMENT;TUBE, SILENCIEUX;95640;MARINES;24/08/2015;76.50;33.33
6;V00979;FILTRATION;FILTRE A CARBURANT;95450;VIGNY;09/01/2017;26.52;25.64
1;V00208;INDEFINI;INDEFINI;78700;CONFLANS STE HONORIN;03/03/2015;141;39.43
1;V00330;DIRECTION, SUSPENSION, TRANSMISSION;TRANSMISSION;95015;CERGY PONTOISE;06/12/2016;186.62;49.34
6;V00331;ELECTRICITE;BOUGIE D'ALLUMAGE;95640;MARINES;07/11/2017;0;0
5;V00411;INDEFINI;INDEFINI;;;12/11/2016;5.93;59.36
8;V00166;13;;95650;PUISEUX PONTOISE;11/03/2015;75.38;20.01
8;V00968;FREINAGE;DISQUE;95310;ST OUEN L AUMONE;18/07/2017;61.28;27.50
1;V00937;ELECTRICITE;BOUGIE D'ALLUMAGE;95310;ST OUEN L AUMONE;08/07/2016;18;38.33
6;V00752;ENTRAINEMENT;DEMARREUR;95450;VIGNY;28/09/2015;97.06;43.33
5;V00960;FILTRATION;FILTRE A AIR;;;21/01/2015;10.87;29.35
7;V00740;LIQUIDE;HUILE MOTEUR;95300;ENNERY;03/11/2016;18.92;37.90
6;V00331;FILTRATION;FILTRE A CARBURANT;95640;MARINES;15/11/2017;44.72;29.56
6;V00228;ACCESSOIRE AUTO, PRODUIT ENTRETIEN;ESSUIE GLACES;95300;ENNERY;08/03/2017;33.42;36.65
5;V00411;LIQUIDE;HUILE MOTEUR;;;16/10/2015;31.37;45.65
5;V01071;ENTRAINEMENT;GALET, POULIE, DAMPER;95000;CERGY;03/06/2016;46.23;20.94
5;V00513;CONSOMMABLE CARROSSERIE;GAZ;95;;09/02/2015;-79.97;40
6;V00331;LIQUIDE;HUILE MOTEUR;95640;MARINES;16/03/2016;60.82;42.86
5;V00411;ECHAPPEMENT;TUBE, SILENCIEUX;;;11/02/2015;51.63;38.04
7;V00740;LIQUIDE;HUILE MOTEUR;95300;ENNERY;24/06/2015;81.34;37.89
7;V00740;ENTRAINEMENT;KIT DE DISTRIBUTION AVEC POMPE A EAU;95300;ENNERY;02/10/2015;113.68;34.48
7;V00676;VITRAGE;DIVERS VITRAGE 0;95520;OSNY;08/07/2017;23.47;22.41
5;V00411;DIRECTION, SUSPENSION, TRANSMISSION;ROTULE, BIELLETTE, TRIANGLE, SILENTBLOC;;;28/10/2015;46.80;33.33
1;V00177;DIRECTION, SUSPENSION, TRANSMISSION;ROTULE, BIELLETTE, TRIANGLE, SILENTBLOC;95280;JOUY LE MOUTIER;09/07/2015;50.33;58.57
7;V00739;DIVERS;CABLE;95000;CERGY;28/07/2015;13.79;34.95
7;V00688;FREINAGE;DISQUE AVEC ROULEMENT;;;02/06/2017;-115;20
1;V01191;FILTRATION;FILTRE A CARBURANT;95000;CERGY;19/06/2017;31.83;29.53
7;V00676;VITRAGE;DIVERS VITRAGE 0;95520;OSNY;26/02/2016;19.75;27.49
2;V00803;27;;78380;BOUGIVAL;02/02/2015;89.88;46.60
7;V01125;ENTRAINEMENT;KIT DE DISTRIBUTION AVEC POMPE A EAU;95450;US;30/10/2017;111.93;24.01
7;V01115;ENTRAINEMENT;POMPE A EAU;95520;OSNY;21/01/2016;44.95;28.12
1;V00358;PNEUS;PNEUS;;;07/03/2017;0;0
6;V00331;FREINAGE;PLAQUETTE;95640;MARINES;05/08/2016;24.36;50
1;V00449;ELECTRICITE;BATTERIE;95027;CERGY-PONTOISE CEDEX;11/09/2017;313.78;-7.51
1;V00633;FREINAGE;PLAQUETTE;95150;TAVERNY;06/02/2017;21.38;38.96
7;V00676;DIVERS;DIVERS 0;95520;OSNY;22/11/2016;19.96;49.90
5;V00411;MOTEUR;SUPPORT MOTEUR;;;21/09/2015;28.98;22.98
1;V00937;FILTRATION;FILTRE A HUILE;95310;ST OUEN L AUMONE;23/09/2016;6.20;25.65
7;V00739;ELECTRICITE;BOUGIE D'ALLUMAGE;95000;CERGY;10/03/2015;207.06;27.59
2;V00773;VITRAGE;DIVERS VITRAGE 0;92600;ASNIERES SUR SEINE;16/11/2016;246.13;39.17
2;V00788;VITRAGE;PEINTURE, VERNIS, DURCISSEUR, PPS;78650;BEYNES;01/03/2017;89.05;67.91
7;V00739;INDEFINI;INDEFINI;95000;CERGY;10/02/2015;205.75;30.30
8;V01009;FILTRATION;FILTRE A AIR;78130;LES MUREAUX;28/04/2015;12.06;29.35
1;V00074;FILTRATION;FILTRE A AIR;95250;BEAUCHAMP;14/09/2016;8.86;25.62
5;V00411;FREINAGE;;;;20/03/2015;-44.39;49.47
1;V00181;ELECTRICITE;BATTERIE;95320;SAINT LEU LA FORET;19/09/2016;87.36;33.33
7;V00739;ENTRAINEMENT;COURROIES;95000;CERGY;15/09/2015;22.49;36.15
5;V01095;EMBRAYAGE;KIT EMBRAYAGE;95000;CERGY;15/07/2015;27.25;-23.49
2;V01065;VITRAGE;DIVERS VITRAGE 0;78630;ORGEVAL;14/02/2017;94.12;44.75
8;V00166;ECLAIRAGE;LAMPE, AMPOULE, AMPOULE PHARE;95650;PUISEUX PONTOISE;01/03/2017;4.13;15.25
1;V00937;FILTRATION;FILTRE A AIR;95310;ST OUEN L AUMONE;11/09/2017;8.11;31.32
8;V00968;FILTRATION;FILTRE A HUILE;95310;ST OUEN L AUMONE;26/05/2016;4.86;21.60
7;V00739;FILTRATION;FILTRE A CARBURANT;95000;CERGY;05/05/2015;26.84;21.76
1;V00937;ENTRAINEMENT;COURROIES;95310;ST OUEN L AUMONE;11/06/2015;42.68;43.70
8;V00968;ELECTRICITE;;95310;ST OUEN L AUMONE;25/03/2015;55.04;35.07
14;V01212;FILTRATION;FILTRE A HUILE;95560;MONTSOULT;27/02/2017;5.36;25.75
5;V00411;EQUIPEMENT ATELIER;CONSOMABLE;;;21/05/2015;27.27;39.71
8;V00166;EMBRAYAGE;KIT EMBRAYAGE;95650;PUISEUX PONTOISE;16/10/2015;130.74;30.91
1;V00208;VITRAGE;DIVERS VITRAGE 0;78700;CONFLANS STE HONORIN;19/10/2015;528.58;34.52
6;V00228;EQUIPEMENT ATELIER;OUTILLAGE;95300;ENNERY;12/02/2015;6.81;35.98
5;V00411;DIVERS;DIVERS 0;;;21/07/2016;64.79;35.08
7;V00695;ECHAPPEMENT;ACCESSOIRES DE MONTAGE;95450;CONDECOURT;02/10/2017;16.35;49.05
7;V00696;VITRAGE;PEINTURE, VERNIS, DURCISSEUR, PPS;95340;PERSAN;25/05/2016;449.76;34.10
5;V00411;LIQUIDE;LIQUIDE DE REFROIDISSEMENT;;;26/09/2016;23.64;28.09
8;V01009;FREINAGE;PLAQUETTE;78130;LES MUREAUX;23/05/2017;27.96;27.50
8;V00968;LIQUIDE;HUILE MOTEUR;95310;ST OUEN L AUMONE;24/02/2017;57.73;37.88
1;V00074;FREINAGE;FLEXIBLE DE FREIN;95250;BEAUCHAMP;27/01/2017;22.70;45.51
8;V00166;ENTRAINEMENT;ALTERNATEUR;95650;PUISEUX PONTOISE;05/11/2016;239.54;48.28
5;V00411;ENTRAINEMENT;COURROIES;;;09/05/2017;25.25;44.20
8;V00166;FREINAGE;DISQUE;95650;PUISEUX PONTOISE;15/07/2015;84.77;27.50
11;V00970;VITRAGE;DIVERS VITRAGE 0;91120;PALAISEAU;15/03/2016;42.90;34.03
2;V00843;VITRAGE;DIVERS VITRAGE 0;78260;ACHERES;28/12/2015;39.66;28.64
7;V00465;FILTRATION;FILTRE A HUILE;95520;OSNY;08/11/2016;39.90;32.38
5;V00529;ECLAIRAGE;PHARE, FEU ARRIERE, CLIGNOTANT;95550;BESSANCOURT;22/09/2016;772.44;7.97
6;V00752;DIVERS;DIVERS 0;95450;VIGNY;07/08/2015;171;53.22
5;V00559;FREINAGE;PLAQUETTE;60119;HENONVILLE;06/09/2017;36.95;42
2;V00805;VITRAGE;PEINTURE, VERNIS, DURCISSEUR, PPS;78240;CHAMBOURCY;31/08/2017;135.15;52.87
5;V00110;FILTRATION;FILTRE A HUILE;95450;US;02/05/2016;28.01;38.06
7;V00695;EQUIPEMENT ATELIER;OUTILLAGE;95450;CONDECOURT;22/04/2015;5.13;-84.60
5;V00411;DIRECTION, SUSPENSION, TRANSMISSION;ROULEMENT;;;28/04/2015;31.71;49.98
8;V00968;ENTRAINEMENT;DEMARREUR;95310;ST OUEN L AUMONE;20/06/2017;172.81;34.48
8;V00968;DIVERS;CABLE;95310;ST OUEN L AUMONE;21/10/2016;29.98;34.99
1;V00937;VITRAGE;DIVERS VITRAGE 0;95310;ST OUEN L AUMONE;24/11/2017;26.94;37.49
6;V00979;ELECTRICITE;BOUGIE D'ALLUMAGE;95450;VIGNY;14/12/2017;27.12;38.35
2;V00774;ACCESSOIRE AUTO, PRODUIT ENTRETIEN;DIVERS ACCESSOIRES, ENTRETIEN;94300;VINCENNES;14/06/2017;15.90;31.95
5;V00529;FREINAGE;PLAQUETTE;95550;BESSANCOURT;11/08/2016;68.30;35.99
7;V00739;FILTRATION;FILTRE HABITACLE;95000;CERGY;10/03/2015;40.93;29.37
8;V00968;FILTRATION;FILTRE HABITACLE;95310;ST OUEN L AUMONE;26/12/2017;12.98;27.73
2;V00766;EQUIPEMENT ATELIER;MATERIEL;93120;LA COURNEUVE;18/03/2015;71.80;49.51
1;V00358;VITRAGE;DIVERS VITRAGE 0;;;16/11/2015;8.88;31.53
8;V00703;VITRAGE;DIVERS VITRAGE 0;78420;CARRIERES SUR SEINE;29/01/2016;31.13;9.09
5;V00411;FILTRATION;FILTRE A AIR;;;25/08/2016;8.81;52.55
8;V00166;ACCESSOIRE AUTO, PRODUIT ENTRETIEN;ATTELAGE;95650;PUISEUX PONTOISE;06/05/2015;136.26;30.76
1;V00105;FILTRATION;FILTRE A HUILE;95320;SAINT LEU LA FORET;17/10/2017;5.87;25.89
1;V00330;FREINAGE;PLAQUETTE;95015;CERGY PONTOISE;07/04/2016;28.16;47.27
5;V00411;ELECTRICITE;CAPTEURS, SONDES;;;13/09/2016;15.22;35.87
5;V00411;DIRECTION, SUSPENSION, TRANSMISSION;ROTULE, BIELLETTE, TRIANGLE, SILENTBLOC;;;04/10/2017;98.25;36
5;V00513;FILTRATION;FILTRE A AIR;95;;28/12/2015;11.96;35.79
7;V00676;FREINAGE;DISQUE AVEC ROULEMENT;95520;OSNY;17/09/2016;109.25;17.89
7;V01125;ELECTRICITE;CAPTEURS, SONDES;95450;US;05/09/2016;38.10;24.99
5;V00411;ACCESSOIRE AUTO, PRODUIT ENTRETIEN;DIVERS ACCESSOIRES, ENTRETIEN;;;25/08/2015;38.55;33.75
5;V00411;EMBRAYAGE;KIT EMBRAYAGE;;;27/09/2016;222.29;23.45
5;V00430;MOTEUR;SUPPORT MOTEUR;;;02/05/2016;31.50;26.16
5;V00411;DIVERS;DIVERS 0;;;17/03/2016;58.79;0
5;V00411;FREINAGE;PLAQUETTE;;;25/03/2016;154.40;47.69
5;V00411;LIQUIDE;HUILE MOTEUR;;;11/12/2017;56.52;42.16
5;V01105;FILTRATION;FILTRE A CARBURANT;.;.;04/01/2017;17.08;25.70
5;V00411;DIRECTION, SUSPENSION, TRANSMISSION;AMORTISSEUR;;;17/06/2015;94.08;36.67
5;V00411;FILTRATION;FILTRE A HUILE;;;16/06/2016;21.96;34.34
1;V01113;FILTRATION;FILTRE HABITACLE;95250;BEAUCHAMP;27/05/2016;60.79;29.35
1;V00638;FILTRATION;FILTRE A HUILE;95840;VILLIERS ADAM;22/12/2015;12;25.67
5;V00411;ECHAPPEMENT;TUBE, SILENCIEUX;;;16/07/2016;38.33;56.20
1;V00330;FREINAGE;DISQUE;95015;CERGY PONTOISE;01/09/2015;55;47.27
6;V00192;ELECTRICITE;BOUGIE D'ALLUMAGE;95650;PUISEUX-PONTOISE;14/12/2017;17.28;38.31
5;V00411;EQUIPEMENT ATELIER;OUTILLAGE;;;29/07/2016;4.17;27.82
5;V00411;DIRECTION, SUSPENSION, TRANSMISSION;DIVERS PSD 0;;;01/08/2016;171.40;21.43
8;V00968;EQUIPEMENT ATELIER;CONSOMABLE;95310;ST OUEN L AUMONE;21/09/2017;61.81;42.86
7;V00749;FREINAGE;PLAQUETTE;78570;CHANTELOUP LES VIGNES;06/04/2016;45.98;38.95
8;V00968;FILTRATION;FILTRE A CARBURANT;95310;ST OUEN L AUMONE;29/12/2015;16.67;21.78
2;V00871;EQUIPEMENT ATELIER;MATERIEL;95390;ST PRIX;28/01/2016;3;49.33
7;V00739;FILTRATION;FILTRE A HUILE;95000;CERGY;06/10/2017;6.74;25.82
5;V00411;FILTRATION;FILTRE A AIR;;;15/10/2015;31.28;32.64
1;V01145;FILTRATION;FILTRE HABITACLE;95840;VILLIERS ADAM;18/05/2016;8.05;29.32
2;V00787;VITRAGE;ABRASIF, MASQUAGE;78920;ECQUEVILLY;13/05/2016;44.84;49.46
8;V00400;ELECTRICITE;BATTERIE;95;MONTIGNY L/CORMEILLE;13/10/2015;143.53;9.09
1;V01114;ELECTRICITE;CAPTEURS, SONDES;95520;OSNY;04/11/2016;64.80;35
1;V01122;LIQUIDE;HUILE DE BOITE;95310;ST OUEN L AUMONE;21/12/2017;12.32;39.61
1;V00638;FILTRATION;FILTRE A AIR;95840;VILLIERS ADAM;21/04/2015;26.22;29.37
1;V01266;FILTRATION;FILTRE HABITACLE;95310;ST OUEN L AUMONE;28/09/2017;10.11;31.36
7;V00739;FILTRATION;FILTRE HABITACLE;95000;CERGY;09/11/2016;9.60;25.63
1;V00330;13;;95015;CERGY PONTOISE;09/03/2015;14.40;70
5;V00411;VITRAGE;RETROVISEUR, MIROIR;;;08/10/2016;20.15;31.61
7;V00465;ECHAPPEMENT;TUBE, SILENCIEUX;95520;OSNY;19/09/2016;100.95;38.66
7;V00464;DIVERS;DIVERS 0;95301;PONTOISE;28/05/2015;24.71;47.92
7;V01044;DIRECTION, SUSPENSION, TRANSMISSION;SOUFFLET;95480;PIERRELAYE;10/03/2017;34.83;38.47
1;V01029;29;;95800;CERGY;19/01/2015;4.86;30.86
7;V00739;COMPTABILITE;CONSIGNE;95000;CERGY;21/03/2017;-188.34;17.70
8;V00968;ENTRAINEMENT;GALET, POULIE, DAMPER;95310;ST OUEN L AUMONE;09/06/2015;60.90;32.76
8;V00703;VITRAGE;ABRASIF, MASQUAGE;78420;CARRIERES SUR SEINE;18/10/2017;139.96;8.45
5;V00411;ELECTRICITE;CAPTEURS, SONDES;;;12/07/2016;101.49;23.62
6;V00979;FILTRATION;FILTRE HABITACLE;95450;VIGNY;31/10/2017;-13.04;31.37
7;V00695;FILTRATION;FILTRE A AIR;95450;CONDECOURT;03/05/2017;18.90;27.67
5;V00529;FREINAGE;PLAQUETTE;95550;BESSANCOURT;09/06/2016;34.24;27.51
7;V01044;ENTRAINEMENT;COURROIES;95480;PIERRELAYE;10/02/2016;10.73;51.44
5;V00411;DIRECTION, SUSPENSION, TRANSMISSION;ROTULE, BIELLETTE, TRIANGLE, SILENTBLOC;;;04/12/2015;159.38;50.27
5;V00411;ENTRAINEMENT;KIT DE DISTRIBUTION AVEC POMPE A EAU;;;13/01/2016;90.18;30.20
6;V00331;FILTRATION;FILTRE A HUILE;95640;MARINES;11/07/2016;9.96;25.60
8;V00166;MOTEUR;SUPPORT MOTEUR;95650;PUISEUX PONTOISE;12/05/2015;74.32;12.72
6;V00228;EQUIPEMENT ATELIER;CONSOMABLE;95300;ENNERY;02/06/2015;14.23;33.38
6;V00752;EMBRAYAGE;;95450;VIGNY;13/04/2015;8.58;36.71
8;V00968;ECHAPPEMENT;CATALYSEURS;95310;ST OUEN L AUMONE;13/06/2017;178.50;14.29
7;V00749;FREINAGE;PLAQUETTE;78570;CHANTELOUP LES VIGNES;03/02/2016;-110.04;38.95
7;V00696;EQUIPEMENT ATELIER;DIVERS EQUIPEMENT ATELIER;95340;PERSAN;05/06/2015;27.95;33.35
1;V00937;DIRECTION, SUSPENSION, TRANSMISSION;ROTULE, BIELLETTE, TRIANGLE, SILENTBLOC;95310;ST OUEN L AUMONE;23/01/2015;178.20;51.66
5;V00411;FREINAGE;PLAQUETTE;;;03/11/2015;13.40;54.55
5;V00411;ECHAPPEMENT;TUBE, SILENCIEUX;;;24/02/2016;48;38.67
5;V00411;ENTRAINEMENT;COURROIES;;;04/08/2016;13.80;57.68
8;V00166;ECLAIRAGE;LAMPE, AMPOULE, AMPOULE PHARE;95650;PUISEUX PONTOISE;19/07/2017;43.88;32.54
8;V00968;FILTRATION;FILTRE A AIR;95310;ST OUEN L AUMONE;02/11/2017;12.30;27.72
2;V00841;EQUIPEMENT ATELIER;MATERIEL;95220;HERBLAY;27/07/2015;404.46;64.67
1;V00330;COMPTABILITE;CONSIGNE;95015;CERGY PONTOISE;29/08/2017;76.22;0
1;V01029;LIQUIDE;LAVE GLACE;95800;CERGY;17/03/2017;2.98;29.53
1;V00713;VITRAGE;PEINTURE, VERNIS, DURCISSEUR, PPS;78700;CONFLANS STE HONORINE;22/09/2017;113.30;35.69
5;V00513;FILTRATION;FILTRE A HUILE;95;;26/01/2015;7.04;25.71
7;V00739;ELECTRICITE;BOUGIE DE PRECHAUFFAGE;95000;CERGY;11/02/2015;124.70;27.59
1;V00074;DIRECTION, SUSPENSION, TRANSMISSION;ROTULE, BIELLETTE, TRIANGLE, SILENTBLOC;95250;BEAUCHAMP;05/10/2015;72.30;49.85
7;V00739;FILTRATION;FILTRE A CARBURANT;95000;CERGY;21/04/2015;36.55;25.66
1;V00716;VITRAGE;PEINTURE, VERNIS, DURCISSEUR, PPS;95480;PIERRELAYE;29/03/2017;178.64;53.10
5;V00411;MOTEUR;SUPPORT MOTEUR;;;30/05/2016;19.69;20.01
8;V00968;FILTRATION;FILTRE A HUILE;95310;ST OUEN L AUMONE;25/07/2016;14.62;21.82
1;V00302;FILTRATION;FILTRE A AIR;95800;CERGY ST.CHRISTOPHE;08/03/2016;-9.02;11.64
8;V00166;ACCESSOIRE AUTO, PRODUIT ENTRETIEN;ESSUIE GLACES;95650;PUISEUX PONTOISE;17/01/2017;39.39;19.17
7;V00739;FILTRATION;FILTRE A HUILE;95000;CERGY;26/02/2015;5.34;25.66
5;V00431;FILTRATION;FILTRE A HUILE;;;08/03/2017;6.80;25.59
5;V00411;ELECTRICITE;BATTERIE;;;26/11/2016;44.18;38.18
5;V00411;ENTRAINEMENT;DEMARREUR;;;11/09/2017;255;36.67
8;V00968;FILTRATION;FILTRE A CARBURANT;95310;ST OUEN L AUMONE;28/03/2017;25.32;25.83
8;V00968;ELECTRICITE;RELAIS, FUSIBLE, FAISCEAU, CONTACTEUR;95310;ST OUEN L AUMONE;03/12/2015;44;34.55
6;V00228;ACCESSOIRE AUTO, PRODUIT ENTRETIEN;ESSUIE GLACES;95300;ENNERY;26/07/2017;21.60;36.67
1;V00638;FILTRATION;FILTRE A AIR;95840;VILLIERS ADAM;17/02/2015;25.42;29.39
7;V00676;DIRECTION, SUSPENSION, TRANSMISSION;ROTULE, BIELLETTE, TRIANGLE, SILENTBLOC;95520;OSNY;29/05/2017;11.78;27.25
1;V00178;VITRAGE;DIVERS VITRAGE 0;95280;JOUY LE MOUTIER;12/07/2017;107.10;51.27
7;V00739;FILTRATION;FILTRE A CARBURANT;95000;CERGY;13/06/2017;26.10;25.82
7;V00676;MOTEUR;;95520;OSNY;30/03/2015;81.46;28.19
6;V00331;FREINAGE;DISQUE;95640;MARINES;30/05/2016;66.90;42
6;V00331;LIQUIDE;HUILE MOTEUR;95640;MARINES;01/09/2016;28.79;42.86
7;V01125;VITRAGE;RETROVISEUR, MIROIR;95450;US;21/07/2017;11.62;30.12
8;V01009;EQUIPEMENT ATELIER;MATERIEL;78130;LES MUREAUX;27/04/2016;16.26;43.05
7;V00676;FILTRATION;FILTRE A HUILE;95520;OSNY;22/11/2016;4.27;21.78
5;V00411;ENTRAINEMENT;COURROIES;;;06/10/2016;23.30;45.49
1;V00208;VITRAGE;DIVERS VITRAGE 0;78700;CONFLANS STE HONORIN;27/01/2016;1,097.94;35.75
7;V01044;FREINAGE;DISQUE;95480;PIERRELAYE;03/12/2015;-63.18;38.95
1;V00208;VITRAGE;PEINTURE, VERNIS, DURCISSEUR, PPS;78700;CONFLANS STE HONORIN;13/06/2016;1,110.27;35.71
1;V00177;FILTRATION;FILTRE A HUILE;95280;JOUY LE MOUTIER;07/10/2015;3.67;25.61
6;V00607;FILTRATION;FILTRE A AIR;60240;BOUCONVILLERS;24/11/2015;21.14;29.33
5;V00411;EMBRAYAGE;KIT EMBRAYAGE;;;06/08/2015;131.22;30.77
6;V00331;FILTRATION;FILTRE A CARBURANT;95640;MARINES;04/01/2016;64.92;25.65
6;V00331;FREINAGE;PLAQUETTE;95640;MARINES;08/03/2017;44.85;36.01
8;V00572;LIQUIDE;DIVERS LIQUIDES;95650;PUISEUX PONTOISE;06/07/2015;15.54;59.97
6;V00331;FILTRATION;FILTRE A AIR;95640;MARINES;11/01/2016;9.48;29.32
8;V01009;FREINAGE;KIT DE FREIN;78130;LES MUREAUX;20/09/2017;64.13;28.43
1;V01168;VITRAGE;PARE BRISE, LUNETTE;60230;CHAMBLY;19/12/2016;191.58;16.67
7;V00739;FREINAGE;DISQUE;95000;CERGY;08/08/2016;40;27.50
6;V00228;ACCESSOIRE AUTO, PRODUIT ENTRETIEN;ESSUIE GLACES;95300;ENNERY;27/04/2016;34.56;36.66
8;V01009;ELECTRICITE;BATTERIE;78130;LES MUREAUX;08/04/2016;60.08;32.01
5;V00559;LIQUIDE;HUILE MOTEUR;60119;HENONVILLE;31/07/2015;27.82;45.65
5;V00411;DIVERS;BAGUE, JOINT;;;04/09/2017;15.73;33.82
8;V00689;FILTRATION;FILTRE A CARBURANT;;;05/07/2016;19.10;9.11
8;V00968;DIRECTION, SUSPENSION, TRANSMISSION;VERIN DE HAYON;95310;ST OUEN L AUMONE;18/03/2016;38.86;36.57
7;V00464;ELECTRICITE;CAPTEURS, SONDES;95301;PONTOISE;05/02/2016;9.66;38.20
6;V00192;ELECTRICITE;BATTERIE;95650;PUISEUX-PONTOISE;28/07/2016;76.34;35.22
1;V00043;ENTRAINEMENT;COURROIES;95150;TAVERNY;05/04/2016;-11.31;59.50
5;V00484;EMBRAYAGE;KIT EMBRAYAGE;;;13/12/2016;168.53;38.33
7;V00676;FILTRATION;FILTRE A HUILE;95520;OSNY;06/09/2016;-19.67;21.81
5;V00430;LIQUIDE;HUILE MOTEUR;;;09/06/2016;25.18;37.89
5;V00411;ENTRAINEMENT;COURROIES;;;21/07/2016;17.61;59.45
8;V01009;FILTRATION;FILTRE A AIR;78130;LES MUREAUX;23/06/2017;10.54;27.70
7;V00739;DIRECTION, SUSPENSION, TRANSMISSION;ROULEMENT;95000;CERGY;06/07/2015;115.70;40
5;V00411;MOTEUR;DIVERS MOTEUR;;;11/02/2015;68.25;38.46
8;V00968;ELECTRICITE;BOUGIE D'ALLUMAGE;95310;ST OUEN L AUMONE;10/10/2017;9.68;26.03
1;V00208;VITRAGE;PEINTURE, VERNIS, DURCISSEUR, PPS;78700;CONFLANS STE HONORIN;29/08/2016;267.48;35.71
5;V01080;EQUIPEMENT ATELIER;CONSOMABLE;60119;HENONVILLE;03/11/2017;3.90;19.23
5;V01080;FILTRATION;FILTRE A HUILE;60119;HENONVILLE;20/06/2017;13.62;29.59
11;V00848;EQUIPEMENT ATELIER;MATERIEL;91800;BRUNOY;02/04/2015;129.72;18.32
2;V00834;EQUIPEMENT ATELIER;MATERIEL;92130;ISSY LES MOULINEAUX;19/02/2015;147.17;49.58
1;V00937;FILTRATION;FILTRE A CARBURANT;95310;ST OUEN L AUMONE;13/07/2016;30.90;25.66
5;V00411;LIQUIDE;LIQUIDE DE FREIN;;;04/08/2016;5.16;33.33
5;V00559;FILTRATION;FILTRE A CARBURANT;60119;HENONVILLE;06/06/2017;34.76;29.55
5;V00411;LIQUIDE;LIQUIDE DE REFROIDISSEMENT;;;28/01/2015;134.83;41.70
5;V00411;DIRECTION, SUSPENSION, TRANSMISSION;SOUFFLET;;;22/11/2017;21.91;35.69
8;V00166;FILTRATION;FILTRE HABITACLE;95650;PUISEUX PONTOISE;27/01/2016;12.58;25.60
1;V00636;VITRAGE;DIVERS VITRAGE 0;95310;ST OUEN L AUMONE;30/05/2016;21.61;29.48
7;V00696;FILTRATION;FILTRE A AIR;95340;PERSAN;04/03/2015;10.32;29.46
1;V00074;ECLAIRAGE;PHARE, FEU ARRIERE, CLIGNOTANT;95250;BEAUCHAMP;02/03/2017;53.90;20
5;V00411;FILTRATION;FILTRE HABITACLE;;;10/07/2017;27.70;31.34
5;V00411;FREINAGE;DISQUE;;;28/04/2015;86.51;51.67
1;V00636;FILTRATION;FILTRE A HUILE;95310;ST OUEN L AUMONE;24/08/2016;6;25.67
5;V00411;ACCESSOIRE AUTO, PRODUIT ENTRETIEN;ESSUIE GLACES;;;24/11/2016;52.80;36.69
5;V00411;VITRAGE;DIVERS VITRAGE 0;;;26/10/2015;9.20;22.39
8;V00968;FREINAGE;PLAQUETTE;95310;ST OUEN L AUMONE;31/07/2017;30.28;27.51
7;V00465;ACCESSOIRE AUTO, PRODUIT ENTRETIEN;ESSUIE GLACES;95520;OSNY;26/10/2017;42;36.67
6;V00752;FILTRATION;FILTRE HABITACLE;95450;VIGNY;07/01/2015;-31.55;29.38
5;V00411;EMBRAYAGE;KIT EMBRAYAGE;;;14/10/2016;347.64;38.33
7;V00641;EQUIPEMENT ATELIER;CONSOMABLE;95650;BOISSY L AILLERIE;19/12/2016;13.56;43.51
8;V00968;FREINAGE;DISQUE;95310;ST OUEN L AUMONE;03/05/2016;83.70;27.50
14;V01216;FREINAGE;FLEXIBLE DE FREIN;95570;BOUFFEMONT;03/04/2017;19.68;36.64
5;V00411;ELECTRICITE;BATTERIE;;;03/06/2017;179.20;39.40
6;V00601;EMBRAYAGE;KIT EMBRAYAGE AVEC VOLANT MOTEUR;95310;ST OUEN L AUMONE;10/04/2015;467.75;31.43
7;V00676;COMPTABILITE;CONSIGNE;95520;OSNY;25/11/2015;-100;0
5;V00513;ECLAIRAGE;LAMPE, AMPOULE, AMPOULE PHARE;95;;10/02/2017;4.99;59.52
7;V00460;ELECTRICITE;BATTERIE;95000;CERGY;09/02/2015;120.38;43.34
5;V00484;LIQUIDE;HUILE MOTEUR;;;12/12/2016;26.44;37.90
1;V00074;FILTRATION;FILTRE A AIR;95250;BEAUCHAMP;02/11/2016;10.33;25.65
5;V00411;EQUIPEMENT ATELIER;MATERIEL;;;04/03/2016;9.94;30.08
5;V01105;ENTRAINEMENT;COURROIES;.;.;19/07/2017;-7.98;39.97
1;V00633;VITRAGE;PEINTURE, VERNIS, DURCISSEUR, PPS;95150;TAVERNY;11/02/2016;114.82;40.63
7;V00739;DIRECTION, SUSPENSION, TRANSMISSION;ROTULE, BIELLETTE, TRIANGLE, SILENTBLOC;95000;CERGY;17/07/2015;10.95;47.31
1;V00633;EQUIPEMENT ATELIER;OUTILLAGE;95150;TAVERNY;14/10/2015;25.04;29.99
8;V00572;29;;95650;PUISEUX PONTOISE;27/01/2015;10.13;47.48
8;V00166;THERMIQUE;RADIATEUR;95650;PUISEUX PONTOISE;03/06/2015;81.20;36.72
5;V01259;LIQUIDE;LIQUIDE DE FREIN;.;.;09/05/2017;5.20;33.85
5;V00559;FREINAGE;PLAQUETTE;60119;HENONVILLE;06/04/2016;58.05;42
6;V00331;FILTRATION;FILTRE A AIR;95640;MARINES;17/04/2015;10.49;29.36
8;V00572;EQUIPEMENT ATELIER;CONSOMABLE;95650;PUISEUX PONTOISE;30/06/2016;34.67;33.31
5;V00411;ELECTRICITE;CAPTEURS, SONDES;;;08/03/2016;18.42;38.17
8;V00968;ACCESSOIRE AUTO, PRODUIT ENTRETIEN;DIVERS ACCESSOIRES, ENTRETIEN;95310;ST OUEN L AUMONE;08/01/2015;-97.58;38.67
6;V00752;FREINAGE;DISQUE;95450;VIGNY;23/04/2015;34.80;50
7;V00643;THERMIQUE;;95300;HEROUVILLE;20/04/2015;20.93;39.99
7;V01039;FILTRATION;FILTRE HABITACLE;95420;CLERY EN VEXIN;26/05/2016;20;29.35
5;V00974;DIRECTION, SUSPENSION, TRANSMISSION;ROTULE, BIELLETTE, TRIANGLE, SILENTBLOC;;;29/06/2017;37.85;42.88
7;V00739;ENTRAINEMENT;GALET, POULIE, DAMPER;95000;CERGY;21/09/2016;31.44;31.90
5;V00559;INDEFINI;INDEFINI;60119;HENONVILLE;17/04/2015;46.20;78.35
8;V00968;DIRECTION, SUSPENSION, TRANSMISSION;ROTULE, BIELLETTE, TRIANGLE, SILENTBLOC;95310;ST OUEN L AUMONE;06/03/2017;10.95;43.74
7;V00464;EQUIPEMENT ATELIER;MATERIEL;95301;PONTOISE;01/04/2016;533.96;27.92
1;V00074;FILTRATION;FILTRE HABITACLE;95250;BEAUCHAMP;19/01/2016;10.17;29.30
5;V00411;EMBRAYAGE;HYDRAULIQUE,  EMETTEUR, RECEPTEUR, BUTEE;;;03/05/2017;49.32;19.99
8;V00166;18;;95650;PUISEUX PONTOISE;06/01/2015;31.34;42.41
1;V00449;ELECTRICITE;BATTERIE;95027;CERGY-PONTOISE CEDEX;25/09/2017;73.23;21
2;V00843;VITRAGE;DIVERS VITRAGE 0;78260;ACHERES;02/05/2016;143.02;32.18
1;V00937;FREINAGE;DIVERS FREIN 0;95310;ST OUEN L AUMONE;26/05/2015;45.78;45.72
7;V00695;THERMIQUE;PIECE DE CLIMATISATION;95450;CONDECOURT;10/12/2015;145.09;32.80
5;V00411;ENTRAINEMENT;KIT DE DISTRIBUTION, ACCESSOIRES;;;09/06/2016;54.43;31.60
1;V01134;COMPTABILITE;CONSIGNE;95650;PUISEUX PONTOISE;19/05/2016;-83.34;40
7;V01044;FREINAGE;DISQUE;95480;PIERRELAYE;18/01/2017;0;0
6;V00331;FILTRATION;FILTRE A HUILE;95640;MARINES;14/08/2015;14.10;25.67
5;V00411;FREINAGE;KIT DE FREIN;;;01/09/2017;56.40;50
8;V00166;FILTRATION;FILTRE A HUILE;95650;PUISEUX PONTOISE;04/05/2017;22.89;25.82
5;V00411;LIQUIDE;LIQUIDE DE REFROIDISSEMENT;;;01/04/2015;60.40;43.56
5;V00411;DIRECTION, SUSPENSION, TRANSMISSION;BUTEE, SEMELLE, COUPELLE, KIT DE PROTECTION;;;25/05/2016;40.74;30
1;V00638;FILTRATION;FILTRE A HUILE;95840;VILLIERS ADAM;29/07/2015;6.66;25.68
1;V00638;FILTRATION;FILTRE A CARBURANT;95840;VILLIERS ADAM;10/06/2015;37;25.65
2;V00769;EQUIPEMENT ATELIER;MATERIEL;92240;MALAKOFF;22/05/2015;259.34;45.25
5;V00411;ENTRAINEMENT;POMPE A EAU;;;11/03/2015;104.29;36.68
7;V01044;FILTRATION;FILTRE A CARBURANT;95480;PIERRELAYE;27/04/2016;-10.03;21.73
5;V00431;FILTRATION;FILTRE HABITACLE;;;12/09/2015;5.02;11.55
2;V01065;ENTRAINEMENT;KIT DE DISTRIBUTION AVEC POMPE A EAU;78630;ORGEVAL;21/07/2015;-142.10;32.76
5;V00411;DIRECTION, SUSPENSION, TRANSMISSION;ROTULE, BIELLETTE, TRIANGLE, SILENTBLOC;;;27/09/2016;102.18;46.66
