5;V00411;EMBRAYAGE;KIT EMBRAYAGE;;;11/09/2017;83.70;38.33
1;V01145;DIRECTION, SUSPENSION, TRANSMISSION;SOUFFLET;95840;VILLIERS ADAM;19/04/2016;-11.29;38.44
7;V00740;LIQUIDE;HUILE MOTEUR;95300;ENNERY;16/01/2016;20.27;42.03
5;V00411;FILTRATION;FILTRE A HUILE;;;20/07/2015;26.82;35.09
7;V00695;COMPTABILITE;CONSIGNE;95450;CONDECOURT;11/10/2016;83.34;40
1;V00330;FREINAGE;KIT DE FREIN;95015;CERGY PONTOISE;13/07/2016;60.03;48.28
1;V01201;ENTRAINEMENT;GALET, POULIE, DAMPER;95520;OSNY;20/03/2017;60.74;20.38
5;V00424;DIVERS;DIVERS 0;;;02/12/2017;4.16;28.61
5;V00411;ENTRAINEMENT;COURROIES;;;09/02/2017;10.97;45.40
8;V01009;DIRECTION, SUSPENSION, TRANSMISSION;ROULEMENT;78130;LES MUREAUX;21/11/2016;0;0
6;V00752;ENTRAINEMENT;COURROIES;95450;VIGNY;04/08/2015;17.61;49.97
5;V00411;ELECTRICITE;BATTERIE;;;26/08/2015;48.20;43.34
5;V00411;ELECTRICITE;CAPTEURS, SONDES;;;13/05/2016;53.60;27.50
7;V00464;FILTRATION;FILTRE A AIR;95301;PONTOISE;17/08/2016;18.29;29.36
1;V00449;EQUIPEMENT ATELIER;CONSOMABLE;95027;CERGY-PONTOISE CEDEX;31/07/2015;-601.36;28.57
5;V00411;ECLAIRAGE;LAMPE, AMPOULE, AMPOULE PHARE;;;25/10/2016;24.16;52.36
7;V00739;DIVERS;DIVERS 0;95000;CERGY;02/08/2017;21.39;28.56
5;V01105;FREINAGE;DISQUE;.;.;27/05/2016;-50;57.60
1;V00043;COMPTABILITE;CONSIGNE;95150;TAVERNY;30/05/2016;45.73;0
1;V00043;FILTRATION;FILTRE A AIR;95150;TAVERNY;11/01/2016;13.55;29.37
1;V01029;FILTRATION;FILTRE HABITACLE;95800;CERGY;09/06/2015;10.11;29.38
5;V00411;DIVERS;TUYAU, DURITE;;;13/05/2017;4.97;57.14
8;V00166;FILTRATION;FILTRE A AIR;95650;PUISEUX PONTOISE;16/10/2015;7.65;25.62
5;V00559;FREINAGE;DISQUE;60119;HENONVILLE;05/12/2017;50;42
1;V00177;FILTRATION;FILTRE A HUILE;95280;JOUY LE MOUTIER;23/02/2015;14.38;25.66
7;V00739;FILTRATION;FILTRE A CARBURANT;95000;CERGY;11/02/2015;88.41;26.80
5;V00411;ENTRAINEMENT;KIT COURROIE D'ACCESSOIRES;;;10/04/2015;92.95;48.67
7;V01148;ELECTRICITE;BATTERIE;60240;MONTJAVOULT;22/09/2017;-5.94;115.15
1;V00109;EQUIPEMENT ATELIER;OUTILLAGE;95280;JOUY LE MOUTIER;03/02/2015;128;40
7;V01044;EQUIPEMENT ATELIER;CONSOMABLE;95480;PIERRELAYE;11/01/2017;26.01;21.22
6;V00331;ELECTRICITE;BOUGIE DE PRECHAUFFAGE;95640;MARINES;01/04/2016;-68.70;40
1;V00105;ECHAPPEMENT;TUBE, SILENCIEUX;95320;SAINT LEU LA FORET;29/06/2017;91.09;37.83
1;V00208;EQUIPEMENT ATELIER;OUTILLAGE;78700;CONFLANS STE HONORIN;30/08/2016;3;22
2;V00795;EQUIPEMENT ATELIER;CONSOMABLE;94120;FONTENAY-SOUS-BOIS;26/05/2016;28.38;43.73
1;V00937;DIVERS;CABLE;95310;ST OUEN L AUMONE;26/04/2017;32.83;44.29
7;V01121;EQUIPEMENT ATELIER;OUTILLAGE;60240;FLEURY;31/03/2016;14.18;27.79
6;V00257;FILTRATION;FILTRE A HUILE;95650;BOISSY L'AILLERIE;05/11/2015;7.35;25.71
1;V01122;VITRAGE;DIVERS VITRAGE 0;95310;ST OUEN L AUMONE;17/06/2016;22;30
7;V00676;LIQUIDE;HUILE DE BOITE;95520;OSNY;09/02/2017;47.33;37.88
8;V00166;FILTRATION;FILTRE HABITACLE;95650;PUISEUX PONTOISE;03/09/2015;10.42;25.62
8;V00968;FILTRATION;FILTRE HABITACLE;95310;ST OUEN L AUMONE;24/02/2015;28.79;29.35
8;V00968;ECLAIRAGE;;95310;ST OUEN L AUMONE;17/02/2015;15.60;53.33
7;V01077;29;;95220;HERBLAY;24/02/2015;6.12;56.37
8;V00166;FILTRATION;FILTRE A AIR;95650;PUISEUX PONTOISE;16/03/2016;11.08;25.63
2;V01269;EQUIPEMENT ATELIER;OUTILLAGE;95150;TAVERNY;03/08/2017;74.56;25
1;V01122;ECLAIRAGE;LAMPE, AMPOULE, AMPOULE PHARE;95310;ST OUEN L AUMONE;21/04/2016;21;55
8;V01009;ACCESSOIRE AUTO, PRODUIT ENTRETIEN;DIVERS ACCESSOIRES, ENTRETIEN;78130;LES MUREAUX;17/05/2016;29.07;33.33
5;V00411;FREINAGE;PLAQUETTE;;;29/11/2016;30;50
1;V00868;VITRAGE;DIVERS VITRAGE 0;59148;FLINES LEZ RACHES;02/03/2016;426.40;30.98
5;V00411;ELECTRICITE;DIVERS ELECTRICITE 0;;;02/06/2016;16.28;42.87
2;V00763;EQUIPEMENT ATELIER;OUTILLAGE;92500;RUEIL MALMAISON;30/08/2016;7.80;22.05
5;V00411;ELECTRICITE;BOUGIE D'ALLUMAGE;;;21/10/2015;56.71;38.34
5;V00411;ECLAIRAGE;LAMPE, AMPOULE, AMPOULE PHARE;;;21/12/2015;143.72;37.83
5;V00411;ENTRAINEMENT;KIT DE DISTRIBUTION AVEC POMPE A EAU;;;11/02/2017;95.88;24
8;V00166;FILTRATION;FILTRE A AIR;95650;PUISEUX PONTOISE;12/04/2017;21.85;27.69
8;V00968;FREINAGE;DISQUE;95310;ST OUEN L AUMONE;05/07/2016;261.04;27.49
1;V00279;VITRAGE;PEINTURE, VERNIS, DURCISSEUR, PPS;95310;SAINT OUEN L'AUMONE;16/07/2016;382.45;35.71
2;V00784;EQUIPEMENT ATELIER;OUTILLAGE;78580;MAULE;08/01/2016;97.22;38.33
1;V00358;FILTRATION;FILTRE HABITACLE;;;10/06/2015;14.51;35.77
1;V01201;LIQUIDE;HUILE MOTEUR;95520;OSNY;31/07/2017;49.60;21.39
7;V01162;VITRAGE;PEINTURE, VERNIS, DURCISSEUR, PPS;95300;HEROUVILLE;19/07/2017;33.60;28.57
2;V00803;VITRAGE;DIVERS VITRAGE 0;78380;BOUGIVAL;15/05/2017;90;45.60
7;V01111;DIVERS;BAGUE, JOINT;95000;CERGY;27/03/2017;13.46;33.88
1;V00636;FILTRATION;FILTRE A AIR;95310;ST OUEN L AUMONE;03/12/2015;21.42;29.37
8;V00166;FREINAGE;PLAQUETTE;95650;PUISEUX PONTOISE;25/10/2016;18;27.50
1;V00074;FILTRATION;FILTRE A CARBURANT;95250;BEAUCHAMP;04/06/2015;15.80;25.70
5;V00411;FREINAGE;DISQUE;;;21/09/2015;41.76;58.33
7;V01148;FILTRATION;FILTRE A AIR;60240;MONTJAVOULT;13/11/2017;10.94;31.35
6;V00601;FILTRATION;FILTRE A CARBURANT;95310;ST OUEN L AUMONE;09/12/2015;15.01;21.79
6;V00331;ENTRAINEMENT;KIT DE DISTRIBUTION, ACCESSOIRES;95640;MARINES;18/05/2015;77.97;36.67
6;V00331;COMPTABILITE;CONSIGNE;95640;MARINES;27/07/2016;-200;0
8;V00572;ECLAIRAGE;LAMPE, AMPOULE, AMPOULE PHARE;95650;PUISEUX PONTOISE;06/06/2015;5.51;26.32
1;V00179;FREINAGE;PLAQUETTE;78700;CONFLANS ST HONORINE;20/09/2017;77.40;51.67
7;V00739;FILTRATION;FILTRE A CARBURANT;95000;CERGY;08/03/2017;21.38;72.68
6;V00979;FILTRATION;FILTRE A CARBURANT;95450;VIGNY;10/11/2016;-25;33.24
7;V00739;FILTRATION;FILTRE HABITACLE;95000;CERGY;06/01/2015;34.07;29.35
5;V00411;LIQUIDE;LIQUIDE DE FREIN;;;28/07/2017;2.58;33.33
2;V00784;VITRAGE;ABRASIF, MASQUAGE;78580;MAULE;16/09/2016;45.88;34.57
8;V00968;FILTRATION;FILTRE HABITACLE;95310;ST OUEN L AUMONE;01/09/2015;9.02;25.61
1;V00636;FILTRATION;FILTRE HABITACLE;95310;ST OUEN L AUMONE;08/09/2015;12.77;29.37
1;V00716;VITRAGE;PEINTURE, VERNIS, DURCISSEUR, PPS;95480;PIERRELAYE;28/07/2015;107.12;52.18
8;V00166;FILTRATION;FILTRE A HUILE;95650;PUISEUX PONTOISE;13/12/2017;7.37;25.78
1;V00951;VITRAGE;PEINTURE, VERNIS, DURCISSEUR, PPS;95000;CERGY;13/06/2017;108.24;39.02
5;V01071;EMBRAYAGE;KIT EMBRAYAGE;95000;CERGY;27/01/2017;69.55;26
5;V00956;FILTRATION;FILTRE A HUILE;;;14/06/2016;5;10.80
1;V00638;FILTRATION;FILTRE A AIR;95840;VILLIERS ADAM;08/09/2015;3.87;29.46
7;V01179;FREINAGE;PLAQUETTE;78700;CONFLANS STE HONORINE;17/05/2017;44.05;42
5;V00411;ELECTRICITE;BATTERIE;;;19/01/2016;339.76;40.13
2;V00811;VITRAGE;PEINTURE, VERNIS, DURCISSEUR, PPS;93210;LA PLAINE ST DENIS;13/07/2017;57.87;41.68
8;V00689;DIVERS;DIVERS 0;;;01/03/2017;360.44;9
8;V00166;FILTRATION;FILTRE A HUILE;95650;PUISEUX PONTOISE;04/07/2015;4.60;21.74
5;V01230;FILTRATION;FILTRE HABITACLE;95000;CERGY;14/06/2017;23.33;31.29
7;V00739;VITRAGE;RETROVISEUR, MIROIR;95000;CERGY;12/05/2015;11.18;29.70
5;V00411;FILTRATION;FILTRE A AIR;;;16/03/2017;44.92;29.39
7;V00739;FILTRATION;FILTRE A AIR;95000;CERGY;24/04/2017;6.98;27.65
6;V00188;THERMIQUE;DIVERS THERMIQUE;27620;GASNY;11/09/2017;191.90;24.49
7;V00749;DIVERS;DIVERS 0;78570;CHANTELOUP LES VIGNES;27/01/2016;30;13.33
1;V00716;VITRAGE;PEINTURE, VERNIS, DURCISSEUR, PPS;95480;PIERRELAYE;29/09/2015;198.16;35.81
6;V00331;MOTEUR;PIECES MOTEUR;95640;MARINES;10/01/2017;295.06;38.57
1;V00208;17;;78700;CONFLANS STE HONORIN;16/02/2015;94.46;31.04
1;V00330;ELECTRICITE;BOBINE;95015;CERGY PONTOISE;09/06/2015;77.76;35.01
5;V00411;ECHAPPEMENT;VANNE EGR;;;21/07/2016;85.13;24
1;V01122;ACCESSOIRE AUTO, PRODUIT ENTRETIEN;PLAQUE D'IMMATRICULATION;95310;ST OUEN L AUMONE;11/09/2017;50;52
8;V01009;ENTRAINEMENT;KIT DE DISTRIBUTION AVEC POMPE A EAU;78130;LES MUREAUX;23/08/2016;84.10;37.82
5;V00411;ACCESSOIRE AUTO, PRODUIT ENTRETIEN;DIVERS ACCESSOIRES, ENTRETIEN;;;05/11/2016;20.40;38.24
7;V00676;DIRECTION, SUSPENSION, TRANSMISSION;BUTEE, SEMELLE, COUPELLE, KIT DE PROTECTION;95520;OSNY;26/09/2016;37.57;32.31
7;V00688;VITRAGE;DIVERS VITRAGE 0;;;15/04/2016;15.09;33.86
1;V01122;EQUIPEMENT ATELIER;CONSOMABLE;95310;ST OUEN L AUMONE;23/06/2017;74.06;30
7;V00739;DIRECTION, SUSPENSION, TRANSMISSION;ROULEMENT;95000;CERGY;21/03/2017;22.45;53.85
5;V01010;LIQUIDE;HUILE MOTEUR;95800;COURDIMANCHE;22/10/2015;25.60;37.89
8;V00968;FILTRATION;FILTRE HABITACLE;95310;ST OUEN L AUMONE;26/07/2016;56.26;25.63
5;V00413;FILTRATION;FILTRE HABITACLE;95610;ERAGNY;19/05/2015;9.90;29.39
6;V00331;ENTRAINEMENT;KIT DE DISTRIBUTION AVEC POMPE A EAU;95640;MARINES;20/08/2015;121.88;41.54
1;V00358;ECHAPPEMENT;ACCESSOIRES DE MONTAGE;;;20/10/2015;11.74;47.36
5;V00411;ECHAPPEMENT;TUBE, SILENCIEUX;;;24/05/2017;87.60;38.66
1;V01114;ELECTRICITE;BATTERIE;95520;OSNY;06/11/2015;99.58;43.33
5;V00411;ENTRAINEMENT;COURROIES;;;28/07/2017;11.61;49.96
8;V00166;ACCESSOIRE AUTO, PRODUIT ENTRETIEN;PLAQUE D'IMMATRICULATION;95650;PUISEUX PONTOISE;14/03/2015;15;42.67
7;V00695;FILTRATION;FILTRE A CARBURANT;95450;CONDECOURT;04/03/2016;-9.40;21.70
2;V00843;EQUIPEMENT ATELIER;MATERIEL;78260;ACHERES;08/06/2015;99.74;56.50
6;V00752;ENTRAINEMENT;DEMARREUR;95450;VIGNY;28/05/2015;-127.80;36.67
5;V00411;FILTRATION;FILTRE A AIR;;;18/02/2016;17.19;32.11
6;V00331;EQUIPEMENT ATELIER;OUTILLAGE;95640;MARINES;14/11/2015;2.54;40.16
1;V01191;ELECTRICITE;BATTERIE;95000;CERGY;18/07/2017;103.20;33.33
6;V00228;ECHAPPEMENT;CATALYSEURS;95300;ENNERY;14/10/2015;-161.25;30.67
6;V00331;FILTRATION;FILTRE A HUILE;95640;MARINES;02/05/2017;25.98;29.56
5;V00411;FREINAGE;PLAQUETTE;;;31/01/2017;111.85;41.99
6;V00607;DIRECTION, SUSPENSION, TRANSMISSION;BUTEE, SEMELLE, COUPELLE, KIT DE PROTECTION;60240;BOUCONVILLERS;25/09/2015;43.35;43.32
5;V00411;LIQUIDE;HUILE DE BOITE;;;04/04/2016;13.52;45.64
1;V00449;FILTRATION;FILTRE A AIR;95027;CERGY-PONTOISE CEDEX;31/01/2017;23.98;24.98
8;V01009;FREINAGE;PLAQUETTE;78130;LES MUREAUX;15/11/2016;42.68;27.51
1;V00992;VITRAGE;ABRASIF, MASQUAGE;95220;HERBLAY;27/07/2015;109.25;43.75
1;V00425;EQUIPEMENT ATELIER;MATERIEL;95310;ST OUEN L'AUMONE;15/11/2016;2,859.60;24.67
1;V00074;FREINAGE;PLAQUETTE;95250;BEAUCHAMP;14/09/2017;14.96;36.50
8;V00166;FILTRATION;FILTRE HABITACLE;95650;PUISEUX PONTOISE;22/05/2017;15.93;27.75
2;V00765;VITRAGE;PEINTURE, VERNIS, DURCISSEUR, PPS;78470;ST REMY LES CHEVREUSE;07/09/2017;96.23;61.88
8;V00968;ELECTRICITE;CAPTEURS, SONDES;95310;ST OUEN L AUMONE;20/09/2017;-10.24;53.61
7;V00739;FREINAGE;PLAQUETTE;95000;CERGY;28/10/2015;17.48;14.99
5;V00956;DIRECTION, SUSPENSION, TRANSMISSION;AMORTISSEUR;;;07/01/2015;52;9.23
6;V01098;DIRECTION, SUSPENSION, TRANSMISSION;ROTULE, BIELLETTE, TRIANGLE, SILENTBLOC;.;.;24/08/2015;-81.46;47.27
5;V01105;ENTRAINEMENT;COURROIES;.;.;15/11/2016;20.46;51.56
6;V00331;EQUIPEMENT ATELIER;OUTILLAGE;95640;MARINES;04/06/2015;46.48;15.38
7;V00739;ELECTRICITE;BOUGIE DE PRECHAUFFAGE;95000;CERGY;19/08/2015;35.20;34.55
5;V00411;CONSOMMABLE CARROSSERIE;;;;31/03/2015;9.24;39.94
6;V00331;FREINAGE;PLAQUETTE;95640;MARINES;07/10/2016;-95;42
7;V00739;ELECTRICITE;DIVERS ELECTRICITE 0;95000;CERGY;27/06/2016;2.97;31.99
6;V00084;VITRAGE;PEINTURE, VERNIS, DURCISSEUR, PPS;95180;MENUCOURT;03/09/2015;48.40;34.21
1;V00074;MOTEUR;SUPPORT MOTEUR;95250;BEAUCHAMP;23/02/2017;36.50;26.19
6;V00188;ENTRAINEMENT;ALTERNATEUR;27620;GASNY;28/09/2015;110.03;43.33
6;V00626;THERMIQUE;DIVERS THERMIQUE;95480;PIERRELAYE;07/07/2015;262.23;43.81
8;V00968;ELECTRICITE;BATTERIE;95310;ST OUEN L AUMONE;02/08/2017;85.13;16
8;V00166;ENTRAINEMENT;DEMARREUR;95650;PUISEUX PONTOISE;16/06/2015;99.76;34.48
8;V00166;DIVERS;DIVERS 0;95650;PUISEUX PONTOISE;19/07/2017;420.89;10.67
2;V00766;VITRAGE;ABRASIF, MASQUAGE;93120;LA COURNEUVE;13/01/2016;95.74;22.73
7;V01121;VITRAGE;DIVERS VITRAGE 0;60240;FLEURY;05/10/2015;18.95;22.37
7;V00676;FILTRATION;FILTRE A AIR;95520;OSNY;25/01/2016;6.45;25.74
5;V00411;THERMIQUE;PIECE DE CLIMATISATION;;;15/06/2015;23.92;57.23
1;V00330;EQUIPEMENT ATELIER;DIVERS EQUIPEMENT ATELIER;95015;CERGY PONTOISE;29/12/2017;39.60;39.70
7;V01044;FREINAGE;PLAQUETTE;95480;PIERRELAYE;11/01/2017;35.77;28.91
7;V01159;COMPTABILITE;CONSIGNE;95310;ST OUEN L AUMONE;18/07/2016;350;0
5;V01232;FILTRATION;FILTRE A CARBURANT;;;25/07/2017;18.22;29.53
5;V00411;FREINAGE;DISQUE AVEC ROULEMENT;;;17/09/2016;91.41;29.09
1;V00330;FREINAGE;KIT DE FREIN;95015;CERGY PONTOISE;12/01/2017;108.06;41.38
8;V00691;ACCESSOIRE AUTO, PRODUIT ENTRETIEN;PLAQUE D'IMMATRICULATION;;;18/07/2015;4.73;9.09
5;V00411;FILTRATION;FILTRE A HUILE;;;10/10/2017;32.91;29.54
7;V01179;FILTRATION;FILTRE A CARBURANT;78700;CONFLANS STE HONORINE;05/05/2017;25.39;29.54
2;V00807;DIVERS;DIVERS 0;95650;BOISSY L AILLERIE;04/05/2016;750;40
1;V00633;DIVERS;BAGUE, JOINT;95150;TAVERNY;10/04/2017;10.42;35.80
8;V00098;VITRAGE;PARE BRISE, LUNETTE;78700;CONFLANS STE HONORINE;10/04/2015;35.93;2.89
2;V01003;LIQUIDE;LIQUIDE DE REFROIDISSEMENT;78500;SARTROUVILLE;30/08/2016;149;16.11
7;V01159;FREINAGE;DISQUE;95310;ST OUEN L AUMONE;09/06/2016;50;42
1;V01134;FILTRATION;FILTRE A CARBURANT;95650;PUISEUX PONTOISE;05/09/2016;11.58;25.65
5;V00411;ACCESSOIRE AUTO, PRODUIT ENTRETIEN;ESSUIE GLACES;;;07/05/2015;29.88;36.68
8;V01009;DIVERS;DIVERS 0;78130;LES MUREAUX;01/06/2016;7.30;26.71
7;V00676;ELECTRICITE;BOUGIE DE PRECHAUFFAGE;95520;OSNY;30/01/2016;-72.82;34.55
1;V01029;FREINAGE;PLAQUETTE;95800;CERGY;30/10/2017;53.58;32.62
7;V00739;FILTRATION;FILTRE A AIR;95000;CERGY;28/01/2016;-4.87;25.67
1;V00638;VITRAGE;DIVERS VITRAGE 0;95840;VILLIERS ADAM;16/09/2015;9.90;34.04
7;V00740;ACCESSOIRE AUTO, PRODUIT ENTRETIEN;ESSUIE GLACES;95300;ENNERY;09/11/2015;5.20;24.04
5;V00513;9;;95;;25/02/2015;30.15;34.13
6;V00331;FILTRATION;FILTRE HABITACLE;95640;MARINES;01/09/2015;19;29.37
5;V00411;EQUIPEMENT ATELIER;CONSOMABLE;;;07/04/2017;56.89;30.43
5;V00960;FILTRATION;FILTRE A AIR;;;27/05/2015;11.66;29.33
1;V00716;VITRAGE;ABRASIF, MASQUAGE;95480;PIERRELAYE;11/12/2017;75.04;19.99
8;V01009;EQUIPEMENT ATELIER;CONSOMABLE;78130;LES MUREAUX;13/03/2017;24.48;48.53
1;V01191;FREINAGE;PLAQUETTE;95000;CERGY;20/07/2017;67.14;33.33
7;V00739;ELECTRICITE;BOBINE;95000;CERGY;11/07/2016;29.15;29.09
1;V00992;VITRAGE;PEINTURE, VERNIS, DURCISSEUR, PPS;95220;HERBLAY;01/12/2016;276.48;52.89
2;V00822;VITRAGE;DIVERS VITRAGE 0;95150;TAVERNY;08/12/2016;49.15;47.81
1;V01201;FILTRATION;FILTRE A AIR;95520;OSNY;20/10/2017;6.69;27.65
2;V00150;EQUIPEMENT ATELIER;MATERIEL;95310;SAINT OUEN L'AUMONE;13/03/2017;36.77;63.56
1;V00177;EQUIPEMENT ATELIER;CONSOMABLE;95280;JOUY LE MOUTIER;10/09/2015;16.11;27.75
1;V00074;ENTRAINEMENT;COURROIES;95250;BEAUCHAMP;20/10/2017;-2.40;40
5;V00411;ACCESSOIRE AUTO, PRODUIT ENTRETIEN;ESSUIE GLACES;;;14/01/2016;34.80;36.67
6;V00228;ACCESSOIRE AUTO, PRODUIT ENTRETIEN;ADDITIF;95300;ENNERY;26/09/2017;12.71;41.15
5;V00559;LIQUIDE;LIQUIDE DE REFROIDISSEMENT;60119;HENONVILLE;24/08/2016;6.28;24.36
2;V00150;ACCESSOIRE AUTO, PRODUIT ENTRETIEN;DIVERS ACCESSOIRES, ENTRETIEN;95310;SAINT OUEN L'AUMONE;07/03/2016;15.80;55
8;V00166;ACCESSOIRE AUTO, PRODUIT ENTRETIEN;ESSUIE GLACES;95650;PUISEUX PONTOISE;23/07/2015;18.33;19.15
8;V00166;ENTRAINEMENT;KIT DE DISTRIBUTION AVEC POMPE A EAU;95650;PUISEUX PONTOISE;10/04/2017;130.65;30.91
7;V00714;ACCESSOIRE AUTO, PRODUIT ENTRETIEN;ADDITIF;95520;OSNY;23/06/2017;20.52;37.48
1;V00074;EMBRAYAGE;HYDRAULIQUE,  EMETTEUR, RECEPTEUR, BUTEE;95250;BEAUCHAMP;27/04/2016;362.12;38.46
5;V00956;FREINAGE;HYDRAULIQUE, MAITRE, CYLINDRE, CORRECTEUR, SERVO..;;;31/05/2017;52.10;16.01
7;V00464;DIVERS;DIVERS 0;95301;PONTOISE;16/06/2017;29.60;29.39
7;V01044;DIVERS;CABLE;95480;PIERRELAYE;14/10/2015;26.40;41.36
6;V00192;ECHAPPEMENT;TUBE, SILENCIEUX;95650;PUISEUX-PONTOISE;15/06/2016;93.30;38.67
7;V00695;ACCESSOIRE AUTO, PRODUIT ENTRETIEN;PLAQUE D'IMMATRICULATION;95450;CONDECOURT;08/02/2016;18;52.22
7;V00739;FREINAGE;PLAQUETTE;95000;CERGY;28/08/2017;23;10.57
1;V00208;VITRAGE;PEINTURE, VERNIS, DURCISSEUR, PPS;78700;CONFLANS STE HONORIN;21/09/2016;315.04;35.72
7;V00749;VITRAGE;DIVERS VITRAGE 0;78570;CHANTELOUP LES VIGNES;25/11/2015;21.12;37.50
7;V00695;ACCESSOIRE AUTO, PRODUIT ENTRETIEN;ESSUIE GLACES;95450;CONDECOURT;23/09/2015;27.15;24.01
1;V01113;ENTRAINEMENT;COURROIES;95250;BEAUCHAMP;10/11/2015;13.80;56.67
6;V00752;FILTRATION;FILTRE A AIR;95450;VIGNY;09/02/2016;14.76;29.40
1;V00074;DIVERS;DIVERS 0;95250;BEAUCHAMP;02/11/2016;6.37;37.52
5;V00411;LIQUIDE;HUILE MOTEUR;;;20/03/2017;143.37;38.99
7;V00724;ECLAIRAGE;PHARE, FEU ARRIERE, CLIGNOTANT;95650;PUISEUX PONTOISE;13/02/2017;50.37;22.41
8;V01009;COMPTABILITE;CONSIGNE;78130;LES MUREAUX;28/09/2015;75;0
8;V00400;ENTRAINEMENT;COURROIE DE DISTRIBUTION;95;MONTIGNY L/CORMEILLE;07/03/2015;23.02;7.04
7;V00460;DIVERS;DIVERS 0;95000;CERGY;01/07/2016;31.67;10.99
8;V00166;ACCESSOIRE AUTO, PRODUIT ENTRETIEN;ESSUIE GLACES;95650;PUISEUX PONTOISE;10/04/2017;27.35;19.16
8;V00968;VITRAGE;DIVERS VITRAGE 0;95310;ST OUEN L AUMONE;02/12/2015;21.45;26.71
1;V00074;COMPTABILITE;CONSIGNE;95250;BEAUCHAMP;20/05/2015;100;0
8;V00968;DIRECTION, SUSPENSION, TRANSMISSION;ROTULE, BIELLETTE, TRIANGLE, SILENTBLOC;95310;ST OUEN L AUMONE;31/10/2016;85.20;41.82
7;V00714;DIRECTION, SUSPENSION, TRANSMISSION;ROULEMENT;95520;OSNY;08/10/2015;-211.43;25
5;V00411;DIVERS;POIDS LOURD;;;20/02/2015;32.77;28.26
5;V00411;ACCESSOIRE AUTO, PRODUIT ENTRETIEN;PLAQUE D'IMMATRICULATION;;;04/10/2016;8.25;47.88
1;V01122;VITRAGE;ABRASIF, MASQUAGE;95310;ST OUEN L AUMONE;12/07/2016;42.24;30
7;V00464;ECHAPPEMENT;TUBE, SILENCIEUX;95301;PONTOISE;05/11/2015;54.99;44.44
5;V00484;ENTRAINEMENT;COURROIES;;;07/03/2017;9.98;39.98
1;V00074;ENTRAINEMENT;COURROIES;95250;BEAUCHAMP;03/07/2017;1.82;40.11
8;V00968;ELECTRICITE;CAPTEURS, SONDES;95310;ST OUEN L AUMONE;03/10/2016;-80.32;51.25
8;V00166;FILTRATION;FILTRE A AIR;95650;PUISEUX PONTOISE;20/12/2017;8.83;27.63
7;V00695;FILTRATION;FILTRE HABITACLE;95450;CONDECOURT;30/09/2016;12.89;25.60
6;V00331;LIQUIDE;LIQUIDE DE REFROIDISSEMENT;95640;MARINES;02/03/2015;51.80;42.86
6;V00704;LIQUIDE;HUILE DE BOITE;95450;VIGNY;20/06/2016;73.49;42.03
1;V01122;ACCESSOIRE AUTO, PRODUIT ENTRETIEN;DIVERS ACCESSOIRES, ENTRETIEN;95310;ST OUEN L AUMONE;14/09/2016;47.40;40
8;V00968;FILTRATION;FILTRE A CARBURANT;95310;ST OUEN L AUMONE;17/02/2015;36.88;25.65
1;V01201;DIRECTION, SUSPENSION, TRANSMISSION;ROTULE, BIELLETTE, TRIANGLE, SILENTBLOC;95520;OSNY;24/04/2017;32.45;43.61
1;V00633;FILTRATION;FILTRE A CARBURANT;95150;TAVERNY;14/04/2016;23.12;25.65
1;V00330;ENTRAINEMENT;COURROIES;95015;CERGY PONTOISE;12/09/2017;13.74;50
8;V00166;ECHAPPEMENT;ACCESSOIRES DE MONTAGE;95650;PUISEUX PONTOISE;09/09/2015;3.76;47.34
7;V00695;FILTRATION;FILTRE A HUILE;95450;CONDECOURT;30/11/2017;11.89;25.82
6;V00979;DIRECTION, SUSPENSION, TRANSMISSION;ROTULE, BIELLETTE, TRIANGLE, SILENTBLOC;95450;VIGNY;17/11/2017;153.08;43.68
2;V00764;VITRAGE;DIVERS VITRAGE 0;78500;SARTROUVILLE;05/12/2017;188.71;28.98
1;V00675;ELECTRICITE;BOUGIE D'ALLUMAGE;95802;CERGY-PONTOISE CEDEX;02/05/2016;97.68;38.33
7;V00464;DIRECTION, SUSPENSION, TRANSMISSION;DIVERS PSD 0;95301;PONTOISE;30/03/2015;34.80;41.32
7;V00676;FREINAGE;PLAQUETTE;95520;OSNY;16/11/2015;76.13;43.15
1;V00330;COMPTABILITE;CONSIGNE;95015;CERGY PONTOISE;03/11/2017;80;0
1;V00636;LIQUIDE;HUILE MOTEUR;95310;ST OUEN L AUMONE;02/10/2015;24.34;37.88
5;V00411;LIQUIDE;HUILE MOTEUR;;;19/05/2017;124.71;42.46
7;V00739;ENTRAINEMENT;DEMARREUR;95000;CERGY;26/09/2016;-84.10;34.48
5;V00411;ENTRAINEMENT;COURROIES;;;16/02/2015;19.08;49.95
5;V00411;ENTRAINEMENT;KIT DE DISTRIBUTION AVEC POMPE A EAU;;;15/04/2017;216.60;27.04
7;V00740;FILTRATION;FILTRE A CARBURANT;95300;ENNERY;07/09/2015;24.12;21.77
7;V00739;FREINAGE;DISQUE;95000;CERGY;19/12/2017;40;27.50
2;V00843;VITRAGE;DIVERS VITRAGE 0;78260;ACHERES;23/01/2017;90.21;39.86
6;V00979;ENTRAINEMENT;COURROIES;95450;VIGNY;16/09/2016;-35.67;52.71
6;V00331;ENTRAINEMENT;COURROIES;95640;MARINES;25/03/2015;24.18;49.96
1;V00937;FREINAGE;PLAQUETTE;95310;ST OUEN L AUMONE;01/12/2017;0;0
6;V01106;EQUIPEMENT ATELIER;MATERIEL;95450;AVERNES;04/01/2016;766.40;37.50
7;V00465;DIVERS;DIVERS 0;95520;OSNY;23/06/2015;224;55.36
1;V00716;VITRAGE;ABRASIF, MASQUAGE;95480;PIERRELAYE;12/10/2017;34.55;20
1;V00043;FILTRATION;FILTRE HABITACLE;95150;TAVERNY;25/07/2017;13.94;31.35
1;V01123;VITRAGE;ABRASIF, MASQUAGE;95310;ST OUEN L AUMONE;15/06/2017;143.32;32.50
1;V01122;ELECTRICITE;RELAIS, FUSIBLE, FAISCEAU, CONTACTEUR;95310;ST OUEN L AUMONE;22/03/2017;-20.20;40
5;V00411;FREINAGE;DISQUE;;;11/03/2016;78.54;42
5;V00411;LIQUIDE;HUILE DE BOITE;;;10/10/2016;6.86;37.90
8;V00166;ENTRAINEMENT;DEMARREUR;95650;PUISEUX PONTOISE;01/08/2015;128.48;41.38
1;V00178;VITRAGE;DIVERS VITRAGE 0;95280;JOUY LE MOUTIER;02/11/2016;157.16;43.45
6;V00601;FILTRATION;FILTRE A AIR;95310;ST OUEN L AUMONE;17/04/2015;9.26;25.59
5;V00411;ELECTRICITE;CAPTEURS, SONDES;;;03/11/2015;8.45;43.08
1;V00937;ENTRAINEMENT;KIT DE DISTRIBUTION AVEC POMPE A EAU;95310;ST OUEN L AUMONE;04/09/2015;172.41;41.53
5;V00960;DIRECTION, SUSPENSION, TRANSMISSION;SOUFFLET;;;17/06/2017;16.49;19.95
1;V00937;INDEFINI;INDEFINI;95310;ST OUEN L AUMONE;12/03/2015;187.01;21.73
1;V00624;VITRAGE;PEINTURE, VERNIS, DURCISSEUR, PPS;95310;ST OUEN L AUMONE;19/01/2017;266.09;35.57
6;V00331;FILTRATION;FILTRE A HUILE;95640;MARINES;07/11/2017;-40.14;30
5;V00411;ENTRAINEMENT;POMPE A EAU;;;31/07/2017;15.55;36.53
1;V01081;ENTRAINEMENT;GALET, POULIE, DAMPER;60240;FLEURY;16/08/2017;58.57;47.14
7;V00464;EQUIPEMENT ATELIER;OUTILLAGE;95301;PONTOISE;01/02/2017;9.27;23.52
2;V00843;EQUIPEMENT ATELIER;MATERIEL;78260;ACHERES;05/09/2016;77;62.88
1;V01114;ACCESSOIRE AUTO, PRODUIT ENTRETIEN;ADDITIF;95520;OSNY;29/03/2017;116.38;18.80
1;V00638;FILTRATION;FILTRE HABITACLE;95840;VILLIERS ADAM;18/09/2015;-19.21;29.41
5;V00960;FREINAGE;DISQUE;;;26/01/2015;37.90;35.57
5;V00484;ENTRAINEMENT;KIT DE DISTRIBUTION AVEC POMPE A EAU;;;04/10/2017;-200.67;30.91
8;V01009;EQUIPEMENT ATELIER;CONSOMABLE;78130;LES MUREAUX;29/08/2017;23.47;36.05
7;V00740;FILTRATION;FILTRE A AIR;95300;ENNERY;12/07/2017;9.91;27.65
1;V00208;VITRAGE;DIVERS VITRAGE 0;78700;CONFLANS STE HONORIN;20/03/2017;462.45;48.84
8;V00166;DIVERS;DIVERS 0;95650;PUISEUX PONTOISE;13/10/2017;43.14;2.29
8;V00166;FILTRATION;FILTRE A HUILE;95650;PUISEUX PONTOISE;09/01/2016;16.14;21.75
7;V00739;DIRECTION, SUSPENSION, TRANSMISSION;ROULEMENT;95000;CERGY;11/03/2016;-91.38;30.77
6;V00752;DIRECTION, SUSPENSION, TRANSMISSION;ROULEMENT;95450;VIGNY;23/02/2016;46.80;40
1;V00358;FILTRATION;FILTRE A AIR;;;19/06/2015;12.04;41.11
5;V00411;LIQUIDE;HUILE DE BOITE;;;16/06/2017;12.85;27
8;V00968;FILTRATION;FILTRE A HUILE;95310;ST OUEN L AUMONE;11/12/2017;2.53;25.69
2;V00823;VITRAGE;PEINTURE, VERNIS, DURCISSEUR, PPS;78800;HOUILLES;28/03/2017;34.25;62.77
1;V01029;FILTRATION;FILTRE A AIR;95800;CERGY;30/03/2016;30.51;37.40
5;V01010;ENTRAINEMENT;COURROIES;95800;COURDIMANCHE;10/09/2015;16.27;33.31
7;V00465;FILTRATION;FILTRE A HUILE;95520;OSNY;06/02/2015;11.73;25.66
7;V00646;DIRECTION, SUSPENSION, TRANSMISSION;DIVERS PSD 0;95640;MARINES;18/02/2015;110.40;41.33
5;V00411;EQUIPEMENT ATELIER;CONSOMABLE;;;05/12/2016;29.75;26.22
5;V00110;EQUIPEMENT ATELIER;CONSOMABLE;95450;US;02/06/2016;39.92;30.29
7;V00739;40;;95000;CERGY;27/01/2015;30.49;0
1;V00330;FILTRATION;FILTRE HABITACLE;95015;CERGY PONTOISE;25/07/2017;9.78;31.39
6;V00331;ENTRAINEMENT;COURROIES;95640;MARINES;02/12/2015;18.69;49.97
1;V00043;DIRECTION, SUSPENSION, TRANSMISSION;AMORTISSEUR;95150;TAVERNY;21/09/2017;96.65;27.27
5;V01105;ECHAPPEMENT;ACCESSOIRES DE MONTAGE;.;.;15/11/2016;5.05;48.91
6;V00979;ACCESSOIRE AUTO, PRODUIT ENTRETIEN;PLAQUE D'IMMATRICULATION;95450;VIGNY;28/07/2017;34.70;32.28
7;V01111;DIRECTION, SUSPENSION, TRANSMISSION;TRANSMISSION;95000;CERGY;21/09/2015;169.11;34.48
8;V01009;ACCESSOIRE AUTO, PRODUIT ENTRETIEN;DIVERS ACCESSOIRES, ENTRETIEN;78130;LES MUREAUX;21/04/2015;16.80;18.75
5;V00431;ECLAIRAGE;LAMPE, AMPOULE, AMPOULE PHARE;;;28/06/2016;7.25;45.93
5;V00411;ESSUYAGE;;;;18/03/2015;5.85;36.92
1;V00330;FILTRATION;FILTRE A HUILE;95015;CERGY PONTOISE;30/11/2017;18.10;29.56
5;V00424;FILTRATION;FILTRE HABITACLE;;;06/01/2017;19.06;29.38
7;V01111;ENTRAINEMENT;COURROIES;95000;CERGY;22/06/2017;0;0
1;V00937;FILTRATION;FILTRE HABITACLE;95310;ST OUEN L AUMONE;01/12/2015;23.03;29.40
7;V00739;DIRECTION, SUSPENSION, TRANSMISSION;AMORTISSEUR;95000;CERGY;02/06/2016;115;24
8;V00166;FILTRATION;FILTRE HABITACLE;95650;PUISEUX PONTOISE;11/07/2016;47.23;25.62
6;V00331;THERMIQUE;RADIATEUR;95640;MARINES;09/10/2017;99.99;34.48
5;V00411;DIVERS;BAGUE, JOINT;;;09/11/2017;3.78;28.31
1;V01123;FILTRATION;FILTRE HABITACLE;95310;ST OUEN L AUMONE;23/12/2016;8.91;29.41
5;V00411;FREINAGE;PLAQUETTE;;;26/12/2017;61.63;42.24
5;V00559;FILTRATION;FILTRE A AIR;60119;HENONVILLE;11/09/2015;11.66;29.33
5;V00411;DIRECTION, SUSPENSION, TRANSMISSION;VERIN DE HAYON;;;07/01/2017;25.50;35.06
2;V00843;VITRAGE;DIVERS VITRAGE 0;78260;ACHERES;02/10/2017;72.51;45.47
5;V00411;MOTEUR;;;;02/04/2015;24.98;29.94
8;V00166;COMPTABILITE;CONSIGNE;95650;PUISEUX PONTOISE;08/07/2015;50;0
7;V01148;DIVERS;DIVERS 0;60240;MONTJAVOULT;06/10/2017;13.92;28.52
8;V00689;ELECTRICITE;RELAIS, FUSIBLE, FAISCEAU, CONTACTEUR;;;26/10/2017;73.38;9.09
7;V00739;MOTEUR;SUPPORT MOTEUR;95000;CERGY;24/02/2015;33.42;38.45
6;V00331;FILTRATION;FILTRE A AIR;95640;MARINES;16/09/2016;12.32;29.38
8;V00166;ECHAPPEMENT;TUBE, SILENCIEUX;95650;PUISEUX PONTOISE;27/10/2017;-48.79;38.72
1;V00043;ENTRAINEMENT;GALET, POULIE, DAMPER;95150;TAVERNY;08/04/2016;126.32;51.15
5;V00956;ENTRAINEMENT;COURROIES;;;14/06/2016;7;10.29
8;V00166;FILTRATION;FILTRE A HUILE;95650;PUISEUX PONTOISE;27/09/2017;12.67;25.89
2;V00822;VITRAGE;DIVERS VITRAGE 0;95150;TAVERNY;28/01/2016;332.68;42.09
5;V00411;ECHAPPEMENT;ACCESSOIRES DE MONTAGE;;;16/12/2015;6.39;47.42
5;V00411;ACCESSOIRE AUTO, PRODUIT ENTRETIEN;PLAQUE D'IMMATRICULATION;;;17/09/2016;19.50;55.90
8;V00166;ELECTRICITE;BOUGIE D'ALLUMAGE;95650;PUISEUX PONTOISE;08/07/2016;9.44;25.95
1;V00330;FILTRATION;FILTRE A AIR;95015;CERGY PONTOISE;14/12/2016;11.66;29.33
7;V00695;ECLAIRAGE;LAMPE, AMPOULE, AMPOULE PHARE;95450;CONDECOURT;21/07/2017;8.70;59.77
7;V00695;FILTRATION;FILTRE HABITACLE;95450;CONDECOURT;12/06/2017;9.19;27.75
1;V01113;DIRECTION, SUSPENSION, TRANSMISSION;ROULEMENT;95250;BEAUCHAMP;13/04/2016;118.50;30.77
6;V00228;FREINAGE;PLAQUETTE;95300;ENNERY;05/09/2017;77.67;44.53
2;V00812;VITRAGE;DIVERS VITRAGE 0;94120;FONTENAY-SOUS-BOIS;06/12/2017;108;30.94
5;V00559;FREINAGE;PLAQUETTE;60119;HENONVILLE;24/08/2016;47.25;36
7;V01100;VITRAGE;PEINTURE, VERNIS, DURCISSEUR, PPS;95450;US;22/06/2017;30.80;28.57
8;V01009;ENTRAINEMENT;COURROIES;78130;LES MUREAUX;28/06/2017;15.41;36.08
1;V00074;FILTRATION;FILTRE A HUILE;95250;BEAUCHAMP;22/06/2016;381.67;25.66
8;V00572;LIQUIDE;DIVERS LIQUIDES;95650;PUISEUX PONTOISE;04/09/2015;70;9.96
5;V00956;DIRECTION, SUSPENSION, TRANSMISSION;ROTULE, BIELLETTE, TRIANGLE, SILENTBLOC;;;09/06/2017;12;22.50
6;V00979;FILTRATION;FILTRE HABITACLE;95450;VIGNY;05/09/2016;12.15;29.38
1;V00043;FILTRATION;FILTRE A CARBURANT;95150;TAVERNY;04/03/2016;19.08;25.63
5;V00411;DIRECTION, SUSPENSION, TRANSMISSION;ROTULE, BIELLETTE, TRIANGLE, SILENTBLOC;;;28/01/2017;131.10;38.55
1;V00074;ECLAIRAGE;;95250;BEAUCHAMP;12/01/2015;157.25;37.50
6;V00979;DIVERS;CABLE;95450;VIGNY;08/06/2017;98.73;44.28
8;V01009;ENTRAINEMENT;COURROIES;78130;LES MUREAUX;16/02/2016;8.08;15.84
1;V00636;LIQUIDE;DIVERS LIQUIDES;95310;ST OUEN L AUMONE;26/01/2015;9.90;34.04
5;V00413;ECLAIRAGE;LAMPE, AMPOULE, AMPOULE PHARE;95610;ERAGNY;07/01/2016;17.22;51.74
6;V00979;FILTRATION;FILTRE A AIR;95450;VIGNY;06/01/2015;10.63;29.44
7;V00695;ECHAPPEMENT;CATALYSEURS;95450;CONDECOURT;04/05/2016;226.55;45.31
5;V00411;INDEFINI;INDEFINI;;;04/02/2015;381.70;24.73
5;V00411;LIQUIDE;LAVE GLACE;;;11/02/2016;4.04;29.46
7;V00739;FREINAGE;KIT DE FREIN;95000;CERGY;26/05/2015;83.48;32.63
5;V00411;FREINAGE;FLEXIBLE DE FREIN;;;13/05/2017;29.03;48.23
6;V00752;FREINAGE;PLAQUETTE;95450;VIGNY;15/12/2015;-12.70;42.05
1;V00177;DIRECTION, SUSPENSION, TRANSMISSION;ROTULE, BIELLETTE, TRIANGLE, SILENTBLOC;95280;JOUY LE MOUTIER;02/12/2015;20.65;58.55
7;V00740;LIQUIDE;HUILE MOTEUR;95300;ENNERY;25/02/2016;54.90;37.89
5;V00411;EQUIPEMENT ATELIER;MATERIEL;;;30/01/2017;16.90;21.89
7;V00739;FILTRATION;FILTRE A HUILE;95000;CERGY;24/03/2016;11.39;21.69
7;V00739;EQUIPEMENT ATELIER;CONSOMABLE;95000;CERGY;21/09/2016;27.25;30.50
7;V01100;ENTRAINEMENT;ALTERNATEUR;95450;US;25/01/2016;180.77;38.18
1;V01201;DIRECTION, SUSPENSION, TRANSMISSION;BUTEE, SEMELLE, COUPELLE, KIT DE PROTECTION;95520;OSNY;15/05/2017;31.20;32.31
7;V00659;VITRAGE;DIVERS VITRAGE 0;95810;EPIAIS RHUS;22/06/2017;74.45;35.42
5;V00411;FREINAGE;DISQUE;;;29/07/2016;50;42
5;V00411;EQUIPEMENT ATELIER;OUTILLAGE;;;30/10/2017;45.62;20.32
5;V00559;ACCESSOIRE AUTO, PRODUIT ENTRETIEN;ESSUIE GLACES;60119;HENONVILLE;06/10/2016;19.98;36.69
1;V01144;ACCESSOIRE AUTO, PRODUIT ENTRETIEN;ESSUIE GLACES;75017;PARIS 17EME ARRONDISSEMENT;21/07/2016;26.64;36.67
8;V01068;VITRAGE;RETROVISEUR, MIROIR;95004;CERGY PONTOISE CEDEX;18/02/2015;393.84;2.91
5;V00411;DIRECTION, SUSPENSION, TRANSMISSION;ROULEMENT;;;31/10/2015;90.55;30.77
5;V00411;ENTRAINEMENT;COURROIES;;;20/01/2017;22.66;50.57
2;V00150;VITRAGE;PEINTURE, VERNIS, DURCISSEUR, PPS;95310;SAINT OUEN L'AUMONE;24/05/2017;277.43;53.09
7;V00695;ACCESSOIRE AUTO, PRODUIT ENTRETIEN;ESSUIE GLACES;95450;CONDECOURT;03/08/2016;0;0
2;V00784;VITRAGE;ABRASIF, MASQUAGE;78580;MAULE;04/09/2015;128.08;34.21
5;V00411;FREINAGE;PLAQUETTE;;;08/08/2017;40.40;44.88
1;V00638;FILTRATION;FILTRE A HUILE;95840;VILLIERS ADAM;02/12/2015;26.30;25.67
6;V00192;ENTRAINEMENT;COURROIES;95650;PUISEUX-PONTOISE;02/08/2016;25.41;59.50
1;V00636;FILTRATION;FILTRE A HUILE;95310;ST OUEN L AUMONE;19/09/2016;4.83;25.67
1;V01134;FILTRATION;FILTRE A CARBURANT;95650;PUISEUX PONTOISE;06/04/2016;-10.56;25.66
7;V01117;ECLAIRAGE;LAMPE, AMPOULE, AMPOULE PHARE;95450;SAGY;23/05/2016;3.48;45.98
1;V00253;ACCESSOIRE AUTO, PRODUIT ENTRETIEN;PLAQUE D'IMMATRICULATION;95310;SAINT-OUEN L'AUMONE;12/03/2015;18;52.22
1;V00638;PNEUS;MASSES EQUIL;95840;VILLIERS ADAM;21/01/2015;8.94;33.33
5;V00424;LIQUIDE;HUILE MOTEUR;;;24/03/2016;18.92;37.90
6;V00331;FREINAGE;ETRIER;95640;MARINES;10/05/2017;163.62;29.95
2;V00798;EQUIPEMENT ATELIER;EPI;92150;SURESNES;23/05/2017;9.33;28.83
5;V00411;VITRAGE;ACCESSOIRE PARE BRISE, VITRAGE;;;27/06/2016;60.39;30.77
1;V01081;LIQUIDE;HUILE MOTEUR;60240;FLEURY;19/05/2015;26.05;37.89
1;V00937;ACCESSOIRE AUTO, PRODUIT ENTRETIEN;ESSUIE GLACES;95310;ST OUEN L AUMONE;23/12/2015;37.20;36.67
1;V01113;FILTRATION;FILTRE A HUILE;95250;BEAUCHAMP;26/05/2016;11.12;25.63
6;V00979;FREINAGE;DISQUE;95450;VIGNY;20/05/2016;136;36
6;V00228;ACCESSOIRE AUTO, PRODUIT ENTRETIEN;ADDITIF;95300;ENNERY;06/04/2016;665.02;28.95
5;V00484;EQUIPEMENT ATELIER;MATERIEL;;;06/09/2016;13.18;44.46
5;V00411;VITRAGE;RETROVISEUR, MIROIR;;;05/04/2016;71.26;42.86
5;V00411;VITRAGE;DIVERS VITRAGE 0;;;18/07/2016;49.72;33.27
7;V00739;ENTRAINEMENT;DEMARREUR;95000;CERGY;04/03/2016;174.58;34.48
5;V00411;FREINAGE;PLAQUETTE;;;27/09/2016;31.50;58.32
8;V00968;ENTRAINEMENT;GALET, POULIE, DAMPER;95310;ST OUEN L AUMONE;16/05/2017;51.59;34.48
6;V00979;ELECTRICITE;RELAIS, FUSIBLE, FAISCEAU, CONTACTEUR;95450;VIGNY;09/05/2017;20.25;40
7;V01100;FREINAGE;PLAQUETTE;95450;US;30/10/2017;22.50;42
7;V00676;LIQUIDE;LIQUIDE DE REFROIDISSEMENT;95520;OSNY;18/01/2016;11.34;33.86
5;V00411;ECLAIRAGE;LAMPE, AMPOULE, AMPOULE PHARE;;;16/10/2015;9.89;60.06
6;V00331;LIQUIDE;HUILE MOTEUR;95640;MARINES;06/05/2015;51.80;42.86
8;V00166;FILTRATION;FILTRE A AIR;95650;PUISEUX PONTOISE;17/06/2017;7.48;9.63
2;V00828;VITRAGE;DIVERS VITRAGE 0;95240;CORMEILLES EN PARISIS;20/09/2017;46.41;36.82
1;V00279;EQUIPEMENT ATELIER;MATERIEL;95310;SAINT OUEN L'AUMONE;07/03/2017;67.99;23.24
1;V00638;DIRECTION, SUSPENSION, TRANSMISSION;SOUFFLET;95840;VILLIERS ADAM;25/06/2015;-16.74;38.47
7;V01044;FILTRATION;FILTRE HABITACLE;95480;PIERRELAYE;29/03/2017;18.66;14.09
5;V00411;ELECTRICITE;BOUGIE DE PRECHAUFFAGE;;;01/03/2017;51.66;34.57
5;V00411;FILTRATION;FILTRE A HUILE;;;19/12/2016;27.90;30.25
1;V01134;LIQUIDE;HUILE MOTEUR;95650;PUISEUX PONTOISE;20/07/2016;25.18;37.89
8;V00572;EQUIPEMENT ATELIER;OUTILLAGE;95650;PUISEUX PONTOISE;06/12/2016;5.18;23.55
5;V00411;EMBRAYAGE;HYDRAULIQUE,  EMETTEUR, RECEPTEUR, BUTEE;;;18/08/2015;93.08;30.67
6;V00331;DIRECTION, SUSPENSION, TRANSMISSION;RESSORT;95640;MARINES;19/10/2015;92.04;29.16
7;V00740;DIRECTION, SUSPENSION, TRANSMISSION;ROTULE, BIELLETTE, TRIANGLE, SILENTBLOC;95300;ENNERY;30/04/2015;59.88;51.67
5;V00411;EMBRAYAGE;KIT EMBRAYAGE;;;16/12/2016;76.51;32.73
7;V00740;DIRECTION, SUSPENSION, TRANSMISSION;ROTULE, BIELLETTE, TRIANGLE, SILENTBLOC;95300;ENNERY;26/05/2016;26.32;43.66
8;V00166;FILTRATION;FILTRE A CARBURANT;95650;PUISEUX PONTOISE;04/07/2016;19.95;21.75
8;V00166;ELECTRICITE;BATTERIE;95650;PUISEUX PONTOISE;11/03/2017;82.56;16.67
7;V00695;ECLAIRAGE;LAMPE, AMPOULE, AMPOULE PHARE;95450;CONDECOURT;08/12/2017;14.63;59.54
6;V00228;EQUIPEMENT ATELIER;OUTILLAGE;95300;ENNERY;20/03/2017;50;30
8;V00968;DIRECTION, SUSPENSION, TRANSMISSION;ROTULE, BIELLETTE, TRIANGLE, SILENTBLOC;95310;ST OUEN L AUMONE;08/02/2016;32.89;47.28
8;V00117;VITRAGE;PEINTURE, VERNIS, DURCISSEUR, PPS;95330;DOMONT;18/03/2016;52;7.21
5;V00974;FREINAGE;PLAQUETTE;;;02/09/2015;23.33;50.02
8;V00166;DIRECTION, SUSPENSION, TRANSMISSION;BUTEE, SEMELLE, COUPELLE, KIT DE PROTECTION;95650;PUISEUX PONTOISE;20/04/2016;70.59;34.61
1;V00105;FILTRATION;FILTRE A HUILE;95320;SAINT LEU LA FORET;13/06/2017;-5.03;25.84
5;V00411;FILTRATION;FILTRE A HUILE;;;20/10/2016;64.62;32.39
5;V01105;ELECTRICITE;BOUGIE D'ALLUMAGE;.;.;29/06/2017;15.84;32.70
1;V01201;LIQUIDE;HUILE MOTEUR;95520;OSNY;29/05/2017;74;21.69
5;V00411;VITRAGE;DIVERS VITRAGE 0;;;09/07/2015;10.43;38.35
5;V00411;EMBRAYAGE;KIT EMBRAYAGE;;;31/01/2017;107.69;32.72
5;V00411;FREINAGE;DISQUE;;;11/08/2017;50.16;47.27
5;V00411;LIQUIDE;LIQUIDE DE REFROIDISSEMENT;;;09/11/2017;30.69;33.04
7;V01117;EQUIPEMENT ATELIER;OUTILLAGE;95450;SAGY;22/09/2017;0;0
1;V00992;29;;95220;HERBLAY;30/03/2015;20.22;38.53
2;V00812;EQUIPEMENT ATELIER;MATERIEL;94120;FONTENAY-SOUS-BOIS;22/02/2017;55.74;66.85
5;V00235;ECLAIRAGE;LAMPE, AMPOULE, AMPOULE PHARE;95300;ENNERY;04/11/2016;23.30;61.42
8;V00968;FREINAGE;DISQUE AVEC ROULEMENT;95310;ST OUEN L AUMONE;13/09/2016;151.87;27.98
6;V00228;FREINAGE;DISQUE;95300;ENNERY;20/01/2016;73.15;47.27
7;V00676;FILTRATION;FILTRE A CARBURANT;95520;OSNY;01/02/2016;8.71;21.70
7;V01044;FILTRATION;FILTRE A HUILE;95480;PIERRELAYE;16/09/2017;7.51;25.83
5;V00411;ECLAIRAGE;LAMPE, AMPOULE, AMPOULE PHARE;;;17/08/2015;22.38;63.90
8;V01009;FREINAGE;PLAQUETTE;78130;LES MUREAUX;20/10/2015;60.78;27.49
5;V00424;LIQUIDE;LIQUIDE DE REFROIDISSEMENT;;;27/09/2016;9.92;24.40
8;V00117;VITRAGE;DIVERS VITRAGE 0;95330;DOMONT;24/11/2015;9.68;9.09
7;V00659;CONSOMMABLE CARROSSERIE;GAZ;95810;EPIAIS RHUS;02/03/2015;62.18;40
7;V00688;EQUIPEMENT ATELIER;MATERIEL;;;30/09/2015;65.10;23
7;V00739;FILTRATION;FILTRE A HUILE;95000;CERGY;20/10/2016;10.36;21.72
7;V00740;DIRECTION, SUSPENSION, TRANSMISSION;ROTULE, BIELLETTE, TRIANGLE, SILENTBLOC;95300;ENNERY;03/08/2017;10.40;43.65
5;V00411;DIVERS;TUYAU, DURITE;;;03/08/2017;10.71;28.57
7;V00695;FREINAGE;KIT DE FREIN;95450;CONDECOURT;24/07/2017;62.70;34.93
5;V00411;ENTRAINEMENT;COURROIE DE DISTRIBUTION;;;23/03/2015;-45.50;44.29
5;V00411;EQUIPEMENT ATELIER;MATERIEL;;;08/04/2015;43.15;33
5;V00411;EQUIPEMENT ATELIER;CONSOMABLE;;;29/11/2017;20.49;33.43
8;V01177;COMPTABILITE;DIVERS COMPTABILITE;95310;ST OUEN L AUMONE;26/10/2016;466.59;4.76
5;V00411;DIVERS;BAGUE, JOINT;;;15/12/2017;-10.74;30.63
5;V00411;ENTRAINEMENT;COURROIES;;;31/10/2016;31.05;59.48
5;V01010;LIQUIDE;HUILE MOTEUR;95800;COURDIMANCHE;13/12/2016;18.92;37.90
6;V00979;CONSOMMABLE CARROSSERIE;PEINTURE, VERNIS, DURCISSEUR;95450;VIGNY;18/03/2015;15.24;38.32
7;V01044;ENTRAINEMENT;KIT DE DISTRIBUTION, ACCESSOIRES;95480;PIERRELAYE;03/06/2015;0;0
5;V00960;ACCESSOIRE AUTO, PRODUIT ENTRETIEN;ESSUIE GLACES;;;21/11/2015;40.30;37.20
7;V00641;LIQUIDE;LIQUIDE DE REFROIDISSEMENT;95650;BOISSY L AILLERIE;13/09/2016;49.61;24.41
6;V00331;FILTRATION;FILTRE A AIR;95640;MARINES;07/11/2017;-83.21;31.34
7;V01271;ACCESSOIRE AUTO, PRODUIT ENTRETIEN;ESSUIE GLACES;95520;OSNY;20/12/2017;18.10;23.98
6;V00979;DIRECTION, SUSPENSION, TRANSMISSION;ROULEMENT;95450;VIGNY;13/02/2017;87.35;30.76
1;V00330;FILTRATION;FILTRE A HUILE;95015;CERGY PONTOISE;13/07/2016;6.51;25.65
5;V00430;EMBRAYAGE;KIT EMBRAYAGE;;;24/08/2016;448.50;29.23
1;V01081;VITRAGE;RETROVISEUR, MIROIR;60240;FLEURY;28/06/2016;-110.35;37.60
6;V00752;VITRAGE;PARE BRISE, LUNETTE;95450;VIGNY;25/09/2015;295.08;30.07
5;V00424;ENTRAINEMENT;KIT DE DISTRIBUTION, ACCESSOIRES;;;14/11/2015;111.19;35.57
5;V00411;ENTRAINEMENT;KIT DE DISTRIBUTION AVEC POMPE A EAU;;;01/06/2016;221.65;42.01
6;V00331;EQUIPEMENT ATELIER;CONSOMABLE;95640;MARINES;07/02/2017;28.60;33.36
1;V00043;ENTRAINEMENT;COURROIES;95150;TAVERNY;11/10/2016;31.53;59.50
1;V00636;FREINAGE;PLAQUETTE;95310;ST OUEN L AUMONE;09/08/2016;-72.50;42
1;V00937;FREINAGE;PLAQUETTE;95310;ST OUEN L AUMONE;10/02/2015;32.79;41.99
7;V01044;LIQUIDE;HUILE MOTEUR;95480;PIERRELAYE;18/02/2016;25.60;37.89
8;V00572;LIQUIDE;LAVE GLACE;95650;PUISEUX PONTOISE;18/06/2016;3.77;24.40
5;V00411;FILTRATION;FILTRE HABITACLE;;;01/09/2016;19.85;36.02
5;V00411;ELECTRICITE;BOUGIE D'ALLUMAGE;;;09/11/2017;72.82;35.09
1;V00624;PNEUS;DIVERS REPARATION;95310;ST OUEN L AUMONE;16/04/2015;53.84;42.85
1;V00330;DIVERS;DIVERS 0;95015;CERGY PONTOISE;29/03/2017;312;50
8;V00166;FILTRATION;FILTRE A HUILE;95650;PUISEUX PONTOISE;28/05/2015;19.38;21.78
1;V00208;VITRAGE;DIVERS VITRAGE 0;78700;CONFLANS STE HONORIN;16/10/2015;138.30;30
7;V00676;ELECTRICITE;BATTERIE;95520;OSNY;03/05/2017;-76.56;29.08
6;V00979;MOTEUR;SUPPORT MOTEUR;95450;VIGNY;13/03/2017;24.84;26.17
8;V00968;FILTRATION;FILTRE HABITACLE;95310;ST OUEN L AUMONE;02/04/2015;27.08;29.36
1;V00074;DIRECTION, SUSPENSION, TRANSMISSION;ROTULE, BIELLETTE, TRIANGLE, SILENTBLOC;95250;BEAUCHAMP;02/01/2017;21.78;41.83
7;V01044;FILTRATION;FILTRE A CARBURANT;95480;PIERRELAYE;21/10/2015;58.41;21.74
5;V00411;DIVERS;BAGUE, JOINT;;;31/08/2016;30.02;38.57
8;V00166;FREINAGE;DISQUE;95650;PUISEUX PONTOISE;13/03/2017;88.96;27.50
7;V00739;ENTRAINEMENT;COURROIES;95000;CERGY;13/11/2017;-13.75;36.15
1;V00358;ACCESSOIRE AUTO, PRODUIT ENTRETIEN;DIVERS ACCESSOIRES, ENTRETIEN;;;25/09/2015;3.78;44.44
1;V00330;FILTRATION;FILTRE A HUILE;95015;CERGY PONTOISE;16/04/2015;2.96;25.68
7;V00676;COMPTABILITE;CONSIGNE;95520;OSNY;03/09/2015;15;0
5;V00411;FILTRATION;FILTRE A AIR;;;23/03/2015;25.52;45.96
1;V00633;FILTRATION;FILTRE A CARBURANT;95150;TAVERNY;11/04/2016;9.90;25.66
5;V00110;FILTRATION;FILTRE A AIR;95450;US;12/05/2017;16.29;42.79
8;V00968;FREINAGE;DISQUE;95310;ST OUEN L AUMONE;14/01/2015;142.61;29.75
5;V00529;EQUIPEMENT ATELIER;OUTILLAGE;95550;BESSANCOURT;23/12/2017;37.12;6.25
6;V00228;FILTRATION;FILTRE A CARBURANT;95300;ENNERY;22/05/2017;21.82;29.56
1;V00716;VITRAGE;PEINTURE, VERNIS, DURCISSEUR, PPS;95480;PIERRELAYE;24/06/2016;248.25;52.18
1;V01144;EQUIPEMENT ATELIER;MATERIEL;75017;PARIS 17EME ARRONDISSEMENT;04/07/2016;0;0
7;V00739;DIRECTION, SUSPENSION, TRANSMISSION;ROTULE, BIELLETTE, TRIANGLE, SILENTBLOC;95000;CERGY;16/03/2015;153.73;47.27
5;V00411;ELECTRICITE;DIVERS ELECTRICITE 0;;;07/09/2015;18.69;38.47
7;V00676;ENTRAINEMENT;KIT DE DISTRIBUTION, ACCESSOIRES;95520;OSNY;30/03/2016;82.47;37.82
1;V00074;COMPTABILITE;CONSIGNE;95250;BEAUCHAMP;07/03/2016;80;0
5;V00411;EMBRAYAGE;KIT EMBRAYAGE;;;13/06/2016;108.52;43.08
8;V00166;ECHAPPEMENT;ACCESSOIRES DE MONTAGE;95650;PUISEUX PONTOISE;11/09/2017;2.80;26.07
8;V00166;VITRAGE;DIVERS VITRAGE 0;95650;PUISEUX PONTOISE;28/08/2017;16.68;5.76
7;V00739;ENTRAINEMENT;COURROIES;95000;CERGY;25/01/2017;12.46;36.20
8;V00968;ENTRAINEMENT;COURROIES;95310;ST OUEN L AUMONE;21/06/2016;4.39;48.29
1;V00633;ACCESSOIRE AUTO, PRODUIT ENTRETIEN;PLAQUE D'IMMATRICULATION;95150;TAVERNY;18/02/2015;18;52.22
8;V00166;ENTRAINEMENT;COURROIES;95650;PUISEUX PONTOISE;21/05/2015;0,05;2440
1;V00951;VITRAGE;PEINTURE, VERNIS, DURCISSEUR, PPS;95000;CERGY;26/07/2017;35.46;37.96
8;V01009;FILTRATION;FILTRE HABITACLE;78130;LES MUREAUX;13/06/2016;9.41;25.72
7;V01105;ENTRAINEMENT;KIT DE DISTRIBUTION AVEC POMPE A EAU;.;.;30/06/2016;88.80;37.82
5;V00431;FILTRATION;FILTRE A HUILE;;;02/11/2016;6;25.67
7;V00464;DIVERS;DIVERS 0;95301;PONTOISE;17/10/2017;2.96;33.45
1;V01201;LIQUIDE;HUILE MOTEUR;95520;OSNY;11/07/2017;24;19.75
7;V00676;ENTRAINEMENT;COURROIES;95520;OSNY;22/02/2016;13.31;58.08
7;V01148;DIVERS;DIVERS 0;60240;MONTJAVOULT;13/10/2016;105.16;24.56
8;V00166;FREINAGE;DISQUE;95650;PUISEUX PONTOISE;02/10/2017;40;27.50
1;V01260;DIRECTION, SUSPENSION, TRANSMISSION;TRANSMISSION;95420;MAGNY EN VEXIN;05/12/2017;121.80;31.03
6;V00752;FREINAGE;PLAQUETTE;95450;VIGNY;18/03/2015;-40.45;42
5;V00411;VITRAGE;PEINTURE, VERNIS, DURCISSEUR, PPS;;;27/06/2016;21.27;33.85
5;V00411;FREINAGE;PLAQUETTE;;;02/04/2015;188.12;48.99
5;V00411;ECHAPPEMENT;TUBE, SILENCIEUX;;;09/11/2017;-39.18;48.80
1;V00358;FILTRATION;FILTRE A AIR;;;06/09/2017;9.05;23.65
8;V00968;ELECTRICITE;BOBINE;95310;ST OUEN L AUMONE;04/12/2015;5.86;4.27
5;V00411;FREINAGE;PLAQUETTE;;;23/11/2015;99.44;51.17
1;V00179;EQUIPEMENT ATELIER;MATERIEL;78700;CONFLANS ST HONORINE;16/06/2016;28.07;17.71
7;V00464;ACCESSOIRE AUTO, PRODUIT ENTRETIEN;DIVERS ACCESSOIRES, ENTRETIEN;95301;PONTOISE;01/07/2016;184.52;24.44
5;V00513;FILTRATION;FILTRE A AIR;95;;04/08/2015;12.40;35.73
5;V00424;ECHAPPEMENT;ACCESSOIRES DE MONTAGE;;;20/06/2016;16.25;49.05
5;V00424;FILTRATION;FILTRE A AIR;;;11/06/2015;7.58;11.61
5;V00411;EQUIPEMENT ATELIER;CONSOMABLE;;;25/07/2017;24.92;44.78
8;V00166;FREINAGE;PLAQUETTE;95650;PUISEUX PONTOISE;05/05/2017;64.72;27.50
7;V00739;DIRECTION, SUSPENSION, TRANSMISSION;ROTULE, BIELLETTE, TRIANGLE, SILENTBLOC;95000;CERGY;29/01/2015;233.86;47.28
1;V00937;FILTRATION;FILTRE A HUILE;95310;ST OUEN L AUMONE;10/07/2015;-6;25.67
5;V00411;FREINAGE;ETRIER;;;03/05/2016;89.93;40
7;V00724;ACCESSOIRE AUTO, PRODUIT ENTRETIEN;PLAQUE D'IMMATRICULATION;95650;PUISEUX PONTOISE;09/11/2016;9;52.22
7;V00740;EQUIPEMENT ATELIER;CONSOMABLE;95300;ENNERY;12/12/2015;61.01;13.34
1;V01122;DIVERS;DIVERS 0;95310;ST OUEN L AUMONE;06/12/2016;104.93;30.03
6;V00979;COMPTABILITE;CONSIGNE;95450;VIGNY;30/03/2016;152.45;0
5;V00411;VITRAGE;DIVERS VITRAGE 0;;;07/05/2015;51.81;27.14
2;V00785;VITRAGE;ABRASIF, MASQUAGE;78920;ECQUEVILLY;14/11/2016;71.66;38.78
5;V01010;FILTRATION;FILTRE HABITACLE;95800;COURDIMANCHE;01/04/2016;9.90;29.39
7;V00740;ENTRAINEMENT;KIT DE DISTRIBUTION, ACCESSOIRES;95300;ENNERY;10/03/2016;45.43;44.82
5;V00559;DIVERS;BAGUE, JOINT;60119;HENONVILLE;28/12/2017;-17.91;35.85
1;V00043;ENTRAINEMENT;DEMARREUR;95150;TAVERNY;21/04/2017;58.87;43.33
1;V00636;FREINAGE;PLAQUETTE;95310;ST OUEN L AUMONE;01/06/2015;8.63;30.59
5;V00431;LIQUIDE;HUILE MOTEUR;;;16/05/2015;16.22;42.05
7;V00739;FILTRATION;FILTRE A CARBURANT;95000;CERGY;23/12/2015;50.44;21.73
5;V00411;FILTRATION;FILTRE A AIR;;;14/12/2015;59.40;35.52
2;V00150;VITRAGE;PEINTURE, VERNIS, DURCISSEUR, PPS;95310;SAINT OUEN L'AUMONE;10/11/2015;213.71;52.18
1;V00638;FREINAGE;KIT DE FREIN;95840;VILLIERS ADAM;29/04/2015;58.82;23.33
6;V00979;THERMIQUE;RADIATEUR;95450;VIGNY;03/02/2015;104.52;38.46
7;V00740;FREINAGE;PLAQUETTE;95300;ENNERY;23/01/2017;109.43;32.15
8;V00968;FILTRATION;FILTRE HABITACLE;95310;ST OUEN L AUMONE;27/10/2017;9.29;27.77
8;V01009;FREINAGE;DISQUE;78130;LES MUREAUX;15/12/2016;40;27.50
1;V00636;FILTRATION;FILTRE A AIR;95310;ST OUEN L AUMONE;07/04/2016;17.93;34.52
7;V00676;ENTRAINEMENT;ALTERNATEUR;95520;OSNY;14/12/2015;80.33;34.48
1;V00074;ENTRAINEMENT;POMPE A EAU;95250;BEAUCHAMP;06/07/2016;47.91;43.08
5;V00411;EQUIPEMENT ATELIER;MATERIEL;;;12/03/2015;20.67;29.75
5;V00411;ACCESSOIRE AUTO, PRODUIT ENTRETIEN;PLAQUE D'IMMATRICULATION;;;22/09/2015;18;52.22
1;V00330;FREINAGE;DISQUE;95015;CERGY PONTOISE;10/05/2016;85.91;41.82
1;V00330;DIVERS;DIVERS 0;95015;CERGY PONTOISE;05/04/2016;266.50;81.24
7;V00676;VITRAGE;DIVERS VITRAGE 0;95520;OSNY;28/11/2017;18.76;38.54
1;V01201;LIQUIDE;HUILE DE BOITE;95520;OSNY;15/07/2017;11;21
8;V00166;ENTRAINEMENT;COURROIES;95650;PUISEUX PONTOISE;17/02/2017;14.55;36.15
5;V01105;ENTRAINEMENT;COURROIES;.;.;15/03/2017;10.33;39.98
8;V00968;FILTRATION;FILTRE A CARBURANT;95310;ST OUEN L AUMONE;21/04/2015;9.55;25.65
6;V00228;FILTRATION;FILTRE A HUILE;95300;ENNERY;08/10/2015;5.10;25.69
1;V00074;ENTRAINEMENT;COURROIES;95250;BEAUCHAMP;26/03/2015;11.70;50
5;V00411;ENTRAINEMENT;POMPE A EAU;;;14/01/2016;-72.30;38.33
5;V00411;LIQUIDE;LIQUIDE DE FREIN;;;05/12/2016;2.15;20
6;V00752;FILTRATION;FILTRE HABITACLE;95450;VIGNY;19/02/2015;10.03;29.31
1;V00330;ELECTRICITE;BATTERIE;95015;CERGY PONTOISE;19/06/2015;221.31;54.67
2;V00841;VITRAGE;DIVERS VITRAGE 0;95220;HERBLAY;22/06/2017;65.50;31.22
6;V00228;FREINAGE;PLAQUETTE;95300;ENNERY;10/09/2015;37.31;47.28
6;V00331;EMBRAYAGE;KIT EMBRAYAGE;95640;MARINES;12/01/2015;196.56;33.33
8;V00166;DIRECTION, SUSPENSION, TRANSMISSION;AMORTISSEUR;95650;PUISEUX PONTOISE;02/03/2015;72.80;20
7;V00739;MOTEUR;SUPPORT MOTEUR;95000;CERGY;19/09/2017;148;24.07
5;V00974;DIRECTION, SUSPENSION, TRANSMISSION;RESSORT;;;21/09/2017;94.37;20
6;V00752;26;;95450;VIGNY;06/02/2015;11.86;37.52
1;V01114;FILTRATION;FILTRE A HUILE;95520;OSNY;12/08/2016;5.26;25.67
1;V00074;ELECTRICITE;BATTERIE;95250;BEAUCHAMP;26/10/2015;2,658.52;43.33
8;V00572;LIQUIDE;LIQUIDE DE REFROIDISSEMENT;95650;PUISEUX PONTOISE;04/10/2017;6.45;23.26
8;V00968;FREINAGE;HYDRAULIQUE, MAITRE, CYLINDRE, CORRECTEUR, SERVO..;95310;ST OUEN L AUMONE;07/11/2017;41.85;46.67
7;V00739;ENTRAINEMENT;GALET, POULIE, DAMPER;95000;CERGY;14/10/2015;140.10;32.20
1;V01113;DIRECTION, SUSPENSION, TRANSMISSION;ROTULE, BIELLETTE, TRIANGLE, SILENTBLOC;95250;BEAUCHAMP;02/02/2016;29.88;51.67
5;V00413;ELECTRICITE;BATTERIE;95610;ERAGNY;25/07/2016;117.89;46.86
7;V00464;EQUIPEMENT ATELIER;OUTILLAGE;95301;PONTOISE;27/04/2017;258;24.92
5;V00411;DIRECTION, SUSPENSION, TRANSMISSION;;;;25/04/2015;23.33;26.79
1;V01134;ENTRAINEMENT;GALET, POULIE, DAMPER;95650;PUISEUX PONTOISE;06/07/2016;276.60;38.79
6;V00752;FILTRATION;FILTRE A CARBURANT;95450;VIGNY;25/02/2016;-14.30;25.73
7;V00739;FREINAGE;PLAQUETTE;95000;CERGY;03/06/2015;-14.33;19.05
5;V00411;27;;;;25/02/2015;6.81;35.68
5;V00411;ACCESSOIRE AUTO, PRODUIT ENTRETIEN;ADDITIF;;;26/04/2016;26.60;40.79
1;V00636;ACCESSOIRE AUTO, PRODUIT ENTRETIEN;ESSUIE GLACES;95310;ST OUEN L AUMONE;07/03/2016;58.14;36.67
7;V00749;DIRECTION, SUSPENSION, TRANSMISSION;DIVERS PSD 0;78570;CHANTELOUP LES VIGNES;05/01/2015;43.35;41.34
5;V00411;ECHAPPEMENT;ACCESSOIRES DE MONTAGE;;;16/01/2015;9.87;47.42
5;V00411;DIRECTION, SUSPENSION, TRANSMISSION;BUTEE, SEMELLE, COUPELLE, KIT DE PROTECTION;;;28/02/2015;0;0
8;V00166;DIVERS;DIVERS 0;95650;PUISEUX PONTOISE;20/05/2015;147;33.33
8;V00166;ACCESSOIRE AUTO, PRODUIT ENTRETIEN;ESSUIE GLACES;95650;PUISEUX PONTOISE;10/11/2015;16.12;19.17
1;V00937;EMBRAYAGE;KIT EMBRAYAGE;95310;ST OUEN L AUMONE;06/05/2015;-120.98;33.34
5;V00430;FILTRATION;FILTRE A CARBURANT;;;20/07/2015;-11.95;25.69
1;V00074;FREINAGE;DISQUE;95250;BEAUCHAMP;15/06/2015;29.33;50.02
11;V00861;29;;93210;LA PLAINE ST DENIS;02/04/2015;254.40;34.39
5;V00411;FILTRATION;FILTRE A AIR;;;16/04/2015;21.53;29.40
8;V00166;MOTEUR;;95650;PUISEUX PONTOISE;10/02/2015;17.20;48.72
1;V00358;ELECTRICITE;BOUGIE DE PRECHAUFFAGE;;;26/05/2015;14.44;34.56
7;V01111;ENTRAINEMENT;COURROIES;95000;CERGY;18/09/2015;-8.58;50
7;V01206;DIVERS;DIVERS 0;95100;ARGENTEUIL;15/05/2017;346.25;19.94
7;V00676;FREINAGE;PLAQUETTE;95520;OSNY;15/05/2015;32.68;42.01
8;V00166;ELECTRICITE;BATTERIE;95650;PUISEUX PONTOISE;14/11/2016;74.18;33.34
5;V00362;FREINAGE;DISQUE;;CERGY;28/11/2015;66.50;42
7;V00740;ENTRAINEMENT;COURROIES;95300;ENNERY;22/06/2015;10.73;48.28
5;V00430;MOTEUR;SUPPORT MOTEUR;;;01/06/2015;42.14;16.66
1;V00043;DIRECTION, SUSPENSION, TRANSMISSION;;95150;TAVERNY;19/01/2015;96.32;33.33
7;V01162;DIVERS;DIVERS 0;95300;HEROUVILLE;10/10/2017;-523.04;22.53
2;V00800;VITRAGE;ABRASIF, MASQUAGE;78360;MONTESSON;29/02/2016;22.22;29.97
5;V00411;ACCESSOIRE AUTO, PRODUIT ENTRETIEN;DIVERS ACCESSOIRES, ENTRETIEN;;;30/04/2015;77.13;35.41
8;V00166;DIRECTION, SUSPENSION, TRANSMISSION;BUTEE, SEMELLE, COUPELLE, KIT DE PROTECTION;95650;PUISEUX PONTOISE;31/07/2017;29.64;32.32
1;V00937;ACCESSOIRE AUTO, PRODUIT ENTRETIEN;ADDITIF;95310;ST OUEN L AUMONE;09/11/2017;16.83;31.25
8;V01050;LIQUIDE;HUILE MOTEUR;;;04/04/2017;28.83;9.12
7;V00740;ACCESSOIRE AUTO, PRODUIT ENTRETIEN;DIVERS ACCESSOIRES, ENTRETIEN;95300;ENNERY;28/04/2015;7.76;43.17
5;V00430;FILTRATION;FILTRE A CARBURANT;;;04/05/2015;4.26;25.59
8;V00968;DIVERS;DIVERS 0;95310;ST OUEN L AUMONE;18/12/2017;8.25;63.15
5;V00559;FILTRATION;FILTRE A CARBURANT;60119;HENONVILLE;26/04/2016;-17.41;25.67
8;V00968;FREINAGE;PLAQUETTE;95310;ST OUEN L AUMONE;11/09/2015;-7.30;27.40
1;V01114;THERMIQUE;PIECE DE CLIMATISATION;95520;OSNY;26/05/2016;44.94;20
5;V00411;MOTEUR;;;;08/04/2015;14.92;33.85
7;V01044;DIRECTION, SUSPENSION, TRANSMISSION;ROTULE, BIELLETTE, TRIANGLE, SILENTBLOC;95480;PIERRELAYE;24/03/2017;83.28;48.07
7;V00660;COMPTABILITE;CONSIGNE;95000;CERGY;22/05/2015;50;40
5;V00411;LIQUIDE;LAVE GLACE;;;10/11/2016;2.98;29.53
5;V00411;LIQUIDE;LIQUIDE DE REFROIDISSEMENT;;;16/11/2017;19.09;32.69
6;V00704;LIQUIDE;HUILE MOTEUR;95450;VIGNY;26/06/2017;23.28;37.93
1;V00358;FILTRATION;FILTRE A AIR;;;23/09/2016;13.31;35.76
1;V00624;ACCESSOIRE AUTO, PRODUIT ENTRETIEN;DIVERS ACCESSOIRES, ENTRETIEN;95310;ST OUEN L AUMONE;16/06/2016;19.11;31.97
1;V00302;EQUIPEMENT ATELIER;MATERIEL;95800;CERGY ST.CHRISTOPHE;15/05/2017;0;0
1;V00633;FILTRATION;FILTRE HABITACLE;95150;TAVERNY;14/04/2016;25.16;29.37
7;V00740;ESSUYAGE;;95300;ENNERY;04/03/2015;-21.62;40.47
5;V00411;ACCESSOIRE AUTO, PRODUIT ENTRETIEN;DIVERS ACCESSOIRES, ENTRETIEN;;;01/06/2016;1.66;36.75
8;V00166;FILTRATION;FILTRE A CARBURANT;95650;PUISEUX PONTOISE;06/05/2016;-26.84;21.76
5;V00424;EQUIPEMENT ATELIER;OUTILLAGE;;;17/05/2016;30.75;11.32
5;V00411;EQUIPEMENT ATELIER;MATERIEL;;;27/09/2016;16.26;43.05
2;V01189;VITRAGE;PEINTURE, VERNIS, DURCISSEUR, PPS;95230;SOISY SOUS MONTMORENCY;29/09/2017;59.55;53.10
7;V01044;FREINAGE;DISQUE;95480;PIERRELAYE;28/01/2016;33.06;47.37
8;V00166;ELECTRICITE;BATTERIE;95650;PUISEUX PONTOISE;13/04/2016;84.82;32
5;V00411;MOTEUR;PIECES MOTEUR;;;05/12/2016;20.40;28.33
6;V00289;FILTRATION;FILTRE A HUILE;;;21/09/2017;6.43;29.55
7;V00676;DIRECTION, SUSPENSION, TRANSMISSION;ROTULE, BIELLETTE, TRIANGLE, SILENTBLOC;95520;OSNY;04/11/2015;53.30;47.28
5;V00411;THERMIQUE;PIECE DE CLIMATISATION;;;15/12/2017;253.26;6.67
5;V00411;ACCESSOIRE AUTO, PRODUIT ENTRETIEN;DIVERS ACCESSOIRES, ENTRETIEN;;;16/02/2016;19.20;28.91
5;V00411;EQUIPEMENT ATELIER;MATERIEL;;;11/01/2017;34.31;31.54
6;V00192;ACCESSOIRE AUTO, PRODUIT ENTRETIEN;ADDITIF;95650;PUISEUX-PONTOISE;01/08/2017;11.21;33.27
1;V00638;FILTRATION;FILTRE HABITACLE;95840;VILLIERS ADAM;17/12/2015;-11.82;29.36
5;V00411;ENTRAINEMENT;GALET, POULIE, DAMPER;;;07/11/2015;0;0
2;V00765;VITRAGE;DIVERS VITRAGE 0;78470;ST REMY LES CHEVREUSE;11/04/2017;272.32;31.36
1;V00208;VITRAGE;ABRASIF, MASQUAGE;78700;CONFLANS STE HONORIN;21/11/2016;139.67;49.12
1;V01122;FILTRATION;FILTRE A HUILE;95310;ST OUEN L AUMONE;28/01/2016;18.71;25.65
5;V00974;VITRAGE;DIVERS VITRAGE 0;;;06/10/2016;68.97;25.33
7;V01117;DIRECTION, SUSPENSION, TRANSMISSION;ROULEMENT;95450;SAGY;13/07/2016;59.43;28.12
1;V01207;EQUIPEMENT ATELIER;MATERIEL;95220;HERBLAY;25/01/2017;17.54;23.60
5;V00411;ENTRAINEMENT;KIT DE DISTRIBUTION AVEC POMPE A EAU;;;05/05/2017;192;27.63
5;V00411;EQUIPEMENT ATELIER;DIVERS EQUIPEMENT ATELIER;;;09/08/2017;10;42.80
8;V00166;FREINAGE;ETRIER;95650;PUISEUX PONTOISE;07/01/2016;114.18;46.66
8;V00968;DIRECTION, SUSPENSION, TRANSMISSION;ROTULE, BIELLETTE, TRIANGLE, SILENTBLOC;95310;ST OUEN L AUMONE;07/06/2016;41.80;47.27
5;V00960;FILTRATION;FILTRE A HUILE;;;26/09/2015;6.51;25.65
5;V00559;LIQUIDE;LIQUIDE DE REFROIDISSEMENT;60119;HENONVILLE;02/03/2015;14.37;37.86
6;V00979;FREINAGE;FLEXIBLE DE FREIN;95450;VIGNY;07/12/2016;35.68;48.21
1;V00675;EQUIPEMENT ATELIER;MATERIEL;95802;CERGY-PONTOISE CEDEX;10/06/2016;7.42;30.05
1;V00937;FILTRATION;FILTRE A CARBURANT;95310;ST OUEN L AUMONE;10/08/2015;15.13;25.71
8;V00166;FREINAGE;PLAQUETTE;95650;PUISEUX PONTOISE;29/05/2015;25.20;37.50
1;V00937;FILTRATION;FILTRE A HUILE;95310;ST OUEN L AUMONE;03/10/2017;-7.16;29.61
6;V00192;ELECTRICITE;CAPTEURS, SONDES;95650;PUISEUX-PONTOISE;19/01/2017;6.72;38.39
7;V00739;FILTRATION;FILTRE A HUILE;95000;CERGY;29/09/2016;4.98;21.69
1;V01072;PNEUS;PNEUS ANCIEN;95000;CERGY;16/02/2015;79.43;16.92
7;V00740;FILTRATION;FILTRE HABITACLE;95300;ENNERY;15/04/2015;14.32;29.33
8;V00166;ELECTRICITE;BATTERIE;95650;PUISEUX PONTOISE;23/09/2016;74.18;33.34
1;V01145;FILTRATION;FILTRE A HUILE;95840;VILLIERS ADAM;07/04/2016;4.49;25.61
1;V00638;FILTRATION;FILTRE A AIR;95840;VILLIERS ADAM;15/01/2016;8.05;29.32
5;V00559;FILTRATION;FILTRE HABITACLE;60119;HENONVILLE;28/05/2015;6.28;29.30
1;V00255;EQUIPEMENT ATELIER;OUTILLAGE;95150;TAVERNY;27/10/2015;149.49;16.66
8;V00166;FILTRATION;FILTRE A HUILE;95650;PUISEUX PONTOISE;24/11/2015;12.30;21.79
7;V00749;ENTRAINEMENT;COURROIES;78570;CHANTELOUP LES VIGNES;12/11/2015;-13.80;36.81
6;V00979;COMPTABILITE;CONSIGNE;95450;VIGNY;24/11/2017;60;0
7;V00739;COMPTABILITE;CONSIGNE;95000;CERGY;28/07/2017;30;0
1;V00074;DIVERS;DIVERS 0;95250;BEAUCHAMP;12/12/2016;14;34.29
2;V00773;VITRAGE;DIVERS VITRAGE 0;92600;ASNIERES SUR SEINE;13/07/2016;37.78;40.29
7;V00740;ELECTRICITE;CAPTEURS, SONDES;95300;ENNERY;30/05/2017;-80.56;100
6;V01098;DIRECTION, SUSPENSION, TRANSMISSION;ROTULE, BIELLETTE, TRIANGLE, SILENTBLOC;.;.;21/08/2015;81.46;47.27
5;V00430;FILTRATION;FILTRE HABITACLE;;;15/07/2016;57.67;29.39
1;V00043;CONSOMMABLE CARROSSERIE;PEINTURE, VERNIS, DURCISSEUR;95150;TAVERNY;18/02/2015;-42.19;38.33
5;V00411;FILTRATION;FILTRE A CARBURANT;;;04/04/2016;36.92;29.14
1;V00208;EQUIPEMENT ATELIER;CONSOMABLE;78700;CONFLANS STE HONORIN;10/05/2017;142.54;30.38
1;V01122;VITRAGE;PEINTURE, VERNIS, DURCISSEUR, PPS;95310;ST OUEN L AUMONE;10/03/2017;720.20;20.01
6;V00979;FREINAGE;DISQUE;95450;VIGNY;30/05/2017;251.80;44.19
1;V00177;FILTRATION;FILTRE A HUILE;95280;JOUY LE MOUTIER;25/07/2016;6.94;25.79
8;V00968;FREINAGE;PLAQUETTE;95310;ST OUEN L AUMONE;06/04/2016;34.48;27.49
5;V00110;ACCESSOIRE AUTO, PRODUIT ENTRETIEN;ADDITIF;95450;US;26/07/2017;17.27;33.01
8;V01009;FILTRATION;FILTRE A AIR;78130;LES MUREAUX;02/12/2016;9.27;25.67
7;V00464;FILTRATION;FILTRE A AIR;95301;PONTOISE;18/03/2015;10.18;29.37
6;V00979;FREINAGE;PLAQUETTE;95450;VIGNY;29/06/2017;21.30;36.01
1;V01029;FILTRATION;FILTRE A HUILE;95800;CERGY;10/11/2016;14.98;25.70
1;V00208;VITRAGE;DIVERS VITRAGE 0;78700;CONFLANS STE HONORIN;01/06/2016;2,414.90;28.17
8;V00968;FREINAGE;TEMOIN D'USURE;95310;ST OUEN L AUMONE;13/10/2015;7.39;51.69
5;V00411;LIQUIDE;HUILE DE BOITE;;;10/11/2015;13.52;45.64
8;V00166;ACCESSOIRE AUTO, PRODUIT ENTRETIEN;ADDITIF;95650;PUISEUX PONTOISE;18/07/2017;13.93;28.57
1;V00177;ACCESSOIRE AUTO, PRODUIT ENTRETIEN;ESSUIE GLACES;95280;JOUY LE MOUTIER;03/03/2016;26;41.54
8;V01009;DIRECTION, SUSPENSION, TRANSMISSION;BUTEE, SEMELLE, COUPELLE, KIT DE PROTECTION;78130;LES MUREAUX;11/05/2016;13.26;36.88
1;V01081;ELECTRICITE;BATTERIE;60240;FLEURY;26/01/2016;-60.25;43.34
5;V00411;ACCESSOIRE AUTO, PRODUIT ENTRETIEN;ESSUIE GLACES;;;01/06/2017;6.18;36.73
1;V01145;EQUIPEMENT ATELIER;CONSOMABLE;95840;VILLIERS ADAM;09/06/2016;17.53;26.13
1;V00330;VITRAGE;PEINTURE, VERNIS, DURCISSEUR, PPS;95015;CERGY PONTOISE;22/11/2017;72.16;39.02
7;V00676;EQUIPEMENT ATELIER;OUTILLAGE;95520;OSNY;22/01/2016;8.87;36.08
5;V00411;FILTRATION;FILTRE A HUILE;;;24/09/2015;12.95;25.71
8;V00166;ENTRAINEMENT;COURROIES;95650;PUISEUX PONTOISE;12/12/2017;38.85;40.23
5;V00411;DIRECTION, SUSPENSION, TRANSMISSION;ROULEMENT;;;07/05/2016;132.71;28.78
2;V00824;EQUIPEMENT ATELIER;OUTILLAGE;91470;LIMOURS;17/05/2016;0;0
5;V00362;LIQUIDE;LIQUIDE DE REFROIDISSEMENT;;CERGY;14/04/2015;19.32;37.89
5;V00411;LIQUIDE;HUILE MOTEUR;;;10/06/2015;53.94;44.53
8;V01009;ENTRAINEMENT;GALET, POULIE, DAMPER;78130;LES MUREAUX;15/02/2016;57.25;41.03
5;V00559;FILTRATION;FILTRE HABITACLE;60119;HENONVILLE;28/03/2017;15.24;31.30
5;V00411;LIQUIDE;HUILE MOTEUR;;;11/01/2016;202.75;39.65
5;V00411;COMPTABILITE;CONSIGNE;;;24/04/2017;50;40
7;V00740;27;;95300;ENNERY;13/02/2015;7.86;36.51
7;V01044;DIRECTION, SUSPENSION, TRANSMISSION;SOUFFLET;95480;PIERRELAYE;16/03/2017;-14.51;38.46
7;V00739;ENTRAINEMENT;COURROIES;95000;CERGY;20/02/2017;14.52;36.16
2;V00800;VITRAGE;DIVERS VITRAGE 0;78360;MONTESSON;01/09/2015;70.64;32.39
8;V00572;28;;95650;PUISEUX PONTOISE;10/03/2015;3.62;40.06
5;V00411;ENTRAINEMENT;DEMARREUR;;;04/01/2017;58.15;43.34
8;V00166;FREINAGE;DISQUE;95650;PUISEUX PONTOISE;17/07/2015;44.24;27.49
8;V00968;FREINAGE;PLAQUETTE;95310;ST OUEN L AUMONE;16/06/2017;38.72;27.51
1;V00330;EQUIPEMENT ATELIER;MATERIEL;95015;CERGY PONTOISE;21/07/2015;324;33.33
1;V00043;FILTRATION;FILTRE A CARBURANT;95150;TAVERNY;21/07/2017;68.07;29.54
1;V00633;FILTRATION;FILTRE HABITACLE;95150;TAVERNY;31/01/2017;10.11;29.38
5;V00974;EQUIPEMENT ATELIER;CONSOMABLE;;;06/01/2017;7.16;26.12
2;V01065;EQUIPEMENT ATELIER;OUTILLAGE;78630;ORGEVAL;03/05/2017;9.75;27.38
5;V00411;FREINAGE;KIT DE FREIN;;;19/01/2017;43.60;25
5;V00411;DIRECTION, SUSPENSION, TRANSMISSION;AMORTISSEUR;;;12/03/2015;47.63;38.11
2;V00823;VITRAGE;DIVERS VITRAGE 0;78800;HOUILLES;17/01/2017;88.16;65.29
1;V01029;FILTRATION;FILTRE HABITACLE;95800;CERGY;03/03/2016;9.90;29.39
7;V00740;FREINAGE;PLAQUETTE;95300;ENNERY;26/03/2016;21.38;38.96
5;V00411;FILTRATION;FILTRE A HUILE;;;03/11/2017;51.01;31.99
8;V00117;VITRAGE;DIVERS VITRAGE 0;95330;DOMONT;07/10/2016;9.68;9.09
7;V01117;LIQUIDE;LIQUIDE DE FREIN;95450;SAGY;12/12/2016;3.01;42.86
7;V01044;COMPTABILITE;CONSIGNE;95480;PIERRELAYE;09/07/2015;30.49;0
5;V00411;FILTRATION;FILTRE A CARBURANT;;;14/02/2017;-9.59;7.51
7;V01115;FILTRATION;FILTRE A CARBURANT;95520;OSNY;19/10/2017;43.89;31.10
7;V01111;FILTRATION;FILTRE HABITACLE;95000;CERGY;09/06/2017;25.33;27.71
1;V00937;PNEUS;PNEUS;95310;ST OUEN L AUMONE;13/10/2017;331.80;31.30
1;V00638;FILTRATION;FILTRE A CARBURANT;95840;VILLIERS ADAM;06/01/2016;-42.24;25.66
7;V00739;FREINAGE;DISQUE;95000;CERGY;18/11/2016;43.16;37.49
7;V00464;FILTRATION;FILTRE A HUILE;95301;PONTOISE;08/03/2016;6.20;25.65
1;V00358;FILTRATION;FILTRE A CARBURANT;;;18/09/2015;28.25;25.66
1;V01016;EQUIPEMENT ATELIER;OUTILLAGE;95032;CERGY-PONTOISE CEDEX;04/08/2015;0;0
8;V01009;ELECTRICITE;BOUGIE D'ALLUMAGE;78130;LES MUREAUX;08/03/2017;40.78;26.04
1;V01081;FILTRATION;FILTRE A AIR;60240;FLEURY;22/05/2015;10;29.40
6;V00331;ACCESSOIRE AUTO, PRODUIT ENTRETIEN;ESSUIE GLACES;95640;MARINES;07/03/2016;-6.90;36.67
2;V00759;VITRAGE;ACCESSOIRE PARE BRISE, VITRAGE;92100;BOULOGNE BILLANCOURT;16/06/2017;180;28.33
1;V01134;FILTRATION;FILTRE A AIR;95650;PUISEUX PONTOISE;23/08/2016;10.81;29.42
7;V01125;LIQUIDE;HUILE MOTEUR;95450;US;28/03/2017;35.98;43.11
8;V00166;FILTRATION;FILTRE A HUILE;95650;PUISEUX PONTOISE;14/09/2016;17.05;21.76
7;V00749;EQUIPEMENT ATELIER;OUTILLAGE;78570;CHANTELOUP LES VIGNES;23/12/2015;48;30
2;V00150;VITRAGE;PEINTURE, VERNIS, DURCISSEUR, PPS;95310;SAINT OUEN L'AUMONE;07/07/2015;176.64;52.17
5;V00411;LIQUIDE;LIQUIDE DE REFROIDISSEMENT;;;09/06/2016;7.18;33.84
5;V00411;EQUIPEMENT ATELIER;CONSOMABLE;;;06/02/2017;41.80;44.19
5;V00411;LIQUIDE;LIQUIDE DE REFROIDISSEMENT;;;15/12/2016;29.66;26.67
1;V01168;VITRAGE;PEINTURE, VERNIS, DURCISSEUR, PPS;60230;CHAMBLY;19/09/2016;132.10;27.33
8;V01009;ECHAPPEMENT;VANNE EGR;78130;LES MUREAUX;17/03/2016;119;49
1;V00636;FILTRATION;FILTRE A HUILE;95310;ST OUEN L AUMONE;28/01/2016;6.77;25.70
2;V00795;VITRAGE;DIVERS VITRAGE 0;94120;FONTENAY-SOUS-BOIS;09/03/2016;256.80;55.77
1;V01114;COMPTABILITE;CONSIGNE;95520;OSNY;11/08/2016;-15.24;0
8;V00968;DIVERS;DIVERS 0;95310;ST OUEN L AUMONE;22/05/2017;152.44;59.32
2;V00846;VITRAGE;PEINTURE, VERNIS, DURCISSEUR, PPS;95100;ARGENTEUIL;05/10/2016;102.78;61.08
7;V00739;DIRECTION, SUSPENSION, TRANSMISSION;SOUFFLET;95000;CERGY;21/08/2015;11.66;48.71
2;V00871;ECLAIRAGE;;95390;ST PRIX;12/03/2015;121;16.53
1;V00177;ACCESSOIRE AUTO, PRODUIT ENTRETIEN;PLAQUE D'IMMATRICULATION;95280;JOUY LE MOUTIER;17/10/2017;9.75;55.90
8;V00968;EMBRAYAGE;KIT EMBRAYAGE;95310;ST OUEN L AUMONE;11/02/2017;83.48;26.01
8;V00968;ELECTRICITE;BOUGIE D'ALLUMAGE;95310;ST OUEN L AUMONE;19/07/2017;16;26
5;V00431;FILTRATION;FILTRE A HUILE;;;13/05/2017;9.11;32.16
1;V00074;ENTRAINEMENT;COURROIES;95250;BEAUCHAMP;28/05/2015;12.36;50
6;V00331;FREINAGE;TEMOIN D'USURE;95640;MARINES;26/09/2016;28.28;54.28
1;V00937;FILTRATION;FILTRE HABITACLE;95310;ST OUEN L AUMONE;29/09/2015;9.50;29.37
5;V00411;ENTRAINEMENT;GALET, POULIE, DAMPER;;;12/10/2017;56.49;32.73
5;V00411;29;;;;14/04/2015;61.92;22.48
7;V00739;ELECTRICITE;BOBINE;95000;CERGY;28/07/2016;17.05;29.09
1;V00937;PNEUS;PNEUS;95310;ST OUEN L AUMONE;24/09/2015;442.68;16.35
8;V00991;ENTRAINEMENT;KIT DE DISTRIBUTION, ACCESSOIRES;94320;THIAIS;20/11/2015;41.23;9.10
1;V00675;ENTRAINEMENT;GALET, POULIE, DAMPER;95802;CERGY-PONTOISE CEDEX;28/08/2017;169.68;45.72
5;V00411;DIRECTION, SUSPENSION, TRANSMISSION;ROTULE, BIELLETTE, TRIANGLE, SILENTBLOC;;;21/05/2016;24.15;58.55
7;V00739;FILTRATION;FILTRE A HUILE;95000;CERGY;23/05/2016;10.36;21.72
7;V00464;ELECTRICITE;BOUGIE D'ALLUMAGE;95301;PONTOISE;27/06/2016;18.29;38.33
7;V00464;ELECTRICITE;BOUGIE D'ALLUMAGE;95301;PONTOISE;24/07/2017;14.04;38.32
8;V00968;ACCESSOIRE AUTO, PRODUIT ENTRETIEN;PLAQUE D'IMMATRICULATION;95310;ST OUEN L AUMONE;10/06/2016;9;52.22
7;V00464;VITRAGE;PEINTURE, VERNIS, DURCISSEUR, PPS;95301;PONTOISE;12/01/2016;4.30;37.44
1;V00179;FILTRATION;FILTRE A HUILE;78700;CONFLANS ST HONORINE;02/06/2015;6.89;25.69
1;V00074;FILTRATION;FILTRE HABITACLE;95250;BEAUCHAMP;22/03/2016;43.67;29.38
7;V00740;FILTRATION;FILTRE HABITACLE;95300;ENNERY;26/03/2015;-11.88;29.38
7;V01148;ENTRAINEMENT;KIT DE DISTRIBUTION AVEC POMPE A EAU;60240;MONTJAVOULT;22/12/2017;99.50;24
8;V00166;FREINAGE;TEMOIN D'USURE;95650;PUISEUX PONTOISE;15/09/2015;24.87;51.63
1;V01266;EQUIPEMENT ATELIER;CONSOMABLE;95310;ST OUEN L AUMONE;08/12/2017;12.47;38.25
1;V00208;EQUIPEMENT ATELIER;CONSOMABLE;78700;CONFLANS STE HONORIN;04/04/2017;42.88;29.99
7;V01117;FILTRATION;FILTRE A HUILE;95450;SAGY;13/07/2016;6.94;25.79
1;V01132;ACCESSOIRE AUTO, PRODUIT ENTRETIEN;DIVERS ACCESSOIRES, ENTRETIEN;95610;ERAGNY;03/05/2016;21.95;42.60
7;V00688;MOTEUR;SUPPORT MOTEUR;;;18/08/2016;-22.77;19.98
7;V00749;FILTRATION;FILTRE A AIR;78570;CHANTELOUP LES VIGNES;28/07/2015;8.13;25.71
7;V00740;LIQUIDE;LIQUIDE DE REFROIDISSEMENT;95300;ENNERY;13/02/2015;-81.72;45.64
7;V01044;FREINAGE;DISQUE AVEC ROULEMENT;95480;PIERRELAYE;18/05/2016;125.40;31.58
2;V01065;EQUIPEMENT ATELIER;MATERIEL;78630;ORGEVAL;07/10/2015;32.85;69.56
7;V00739;FILTRATION;FILTRE A AIR;95000;CERGY;26/06/2017;21.21;27.68
6;V00752;FILTRATION;FILTRE A HUILE;95450;VIGNY;29/05/2015;6;25.67
5;V00411;MOTEUR;DIVERS MOTEUR;;;21/04/2015;11.78;43.38
7;V01044;INDEFINI;INDEFINI;95480;PIERRELAYE;16/04/2015;81;37.04
5;V00411;ECLAIRAGE;LAMPE, AMPOULE, AMPOULE PHARE;;;07/03/2016;6.25;50.88
1;V00177;DIRECTION, SUSPENSION, TRANSMISSION;BUTEE, SEMELLE, COUPELLE, KIT DE PROTECTION;95280;JOUY LE MOUTIER;22/03/2017;-80.60;32.31
2;V00843;EQUIPEMENT ATELIER;MATERIEL;78260;ACHERES;12/10/2015;109.85;64.88
5;V01104;ELECTRICITE;CAPTEURS, SONDES;92200;NEUILLY SUR SEINE;21/10/2016;15.45;25.83
5;V00956;DIVERS;DIVERS 0;;;04/02/2016;96.80;18.18
2;V00861;FREINAGE;PLAQUETTE;93210;LA PLAINE ST DENIS;12/12/2017;430.50;-3.57
8;V01009;FILTRATION;FILTRE HABITACLE;78130;LES MUREAUX;14/09/2017;8.06;27.67
8;V00968;VITRAGE;ABRASIF, MASQUAGE;95310;ST OUEN L AUMONE;11/05/2015;103.08;30
5;V00411;EQUIPEMENT ATELIER;MATERIEL;;;23/02/2015;2.72;37.50
5;V01190;FREINAGE;PLAQUETTE;95300;PONTOISE;27/01/2017;34.63;38.95
6;V00331;FILTRATION;FILTRE A HUILE;95640;MARINES;19/05/2017;5.28;29.55
6;V00601;FILTRATION;FILTRE A HUILE;95310;ST OUEN L AUMONE;31/07/2015;5.32;21.62
2;V01065;EQUIPEMENT ATELIER;CONSOMABLE;78630;ORGEVAL;27/01/2017;12.60;45.24
6;V00331;THERMIQUE;INTERCOOLER;95640;MARINES;10/03/2015;53.50;40
5;V00411;ACCESSOIRE AUTO, PRODUIT ENTRETIEN;ADDITIF;;;05/01/2017;7.35;33.33
6;V00188;ENTRAINEMENT;KIT DE DISTRIBUTION AVEC POMPE A EAU;27620;GASNY;19/07/2017;87.90;36.67
2;V00766;EQUIPEMENT ATELIER;MATERIEL;93120;LA COURNEUVE;25/11/2015;55.40;53.97
2;V00985;EQUIPEMENT ATELIER;MATERIEL;78580;LES ALLUETS LE ROI;03/11/2015;76.98;62.87
2;V00843;VITRAGE;DIVERS VITRAGE 0;78260;ACHERES;21/11/2016;324.96;45.07
7;V00696;VITRAGE;DIVERS VITRAGE 0;95340;PERSAN;16/02/2016;188.64;45.45
2;V00803;VITRAGE;DIVERS VITRAGE 0;78380;BOUGIVAL;12/10/2015;60.98;33.39
1;V01201;THERMIQUE;PIECE DE CLIMATISATION;95520;OSNY;24/05/2017;105.36;35.98
5;V00411;DIRECTION, SUSPENSION, TRANSMISSION;DIVERS PSD 0;;;03/10/2016;97.76;36.66
8;V00166;ENTRAINEMENT;POMPE A EAU;95650;PUISEUX PONTOISE;11/02/2015;36.21;30.90
2;V00861;VITRAGE;DIVERS VITRAGE 0;93210;LA PLAINE ST DENIS;27/03/2017;116.40;50.34
2;V00809;EQUIPEMENT ATELIER;MATERIEL;78240;CHAMBOURCY;13/04/2016;20.90;58.85
6;V00979;DIRECTION, SUSPENSION, TRANSMISSION;BUTEE, SEMELLE, COUPELLE, KIT DE PROTECTION;95450;VIGNY;20/10/2015;50.40;39.29
5;V00960;THERMIQUE;RADIATEUR;;;15/01/2015;44.04;33.33
5;V00411;ENTRAINEMENT;COURROIES;;;29/09/2017;13.63;39.99
7;V00739;FREINAGE;PLAQUETTE;95000;CERGY;16/11/2017;8.39;28.61
7;V00695;FILTRATION;FILTRE HABITACLE;95450;CONDECOURT;18/11/2016;-9.10;25.60
1;V00636;FREINAGE;PLAQUETTE;95310;ST OUEN L AUMONE;07/12/2015;32.81;42
6;V00979;ELECTRICITE;BOUGIE D'ALLUMAGE;95450;VIGNY;05/11/2015;42.05;38.34
1;V00937;FILTRATION;FILTRE A HUILE;95310;ST OUEN L AUMONE;21/08/2017;7.16;29.61
7;V01148;EQUIPEMENT ATELIER;CONSOMABLE;60240;MONTJAVOULT;25/07/2017;23.78;30.28
7;V00641;LIQUIDE;HUILE MOTEUR;95650;BOISSY L AILLERIE;26/03/2015;19.56;25.92
7;V00740;FREINAGE;DIVERS FREIN 0;95300;ENNERY;02/03/2016;-110.20;20.93
6;V00331;ECHAPPEMENT;TUBE, SILENCIEUX;95640;MARINES;10/08/2015;48.08;19.47
1;V00633;FREINAGE;PLAQUETTE;95150;TAVERNY;28/01/2016;66.60;12.79
5;V00411;THERMIQUE;RADIATEUR;;;18/05/2016;78.34;59.98
8;V00968;FREINAGE;PLAQUETTE;95310;ST OUEN L AUMONE;24/08/2015;-35.64;27.50
5;V01010;EMBRAYAGE;;95800;COURDIMANCHE;02/01/2015;25.20;35
1;V01227;VITRAGE;ABRASIF, MASQUAGE;95320;ST LEU LA FORET;13/10/2017;17.84;30.04
7;V00464;ELECTRICITE;LEVE VITRE;95301;PONTOISE;05/09/2016;103.18;38.81
5;V00411;ACCESSOIRE AUTO, PRODUIT ENTRETIEN;ESSUIE GLACES;;;30/09/2015;21.96;36.66
2;V00843;VITRAGE;DIVERS VITRAGE 0;78260;ACHERES;29/05/2017;77.46;26.25
1;V00043;FILTRATION;FILTRE A HUILE;95150;TAVERNY;14/12/2017;-17.50;29.54
5;V00411;FREINAGE;PLAQUETTE;;;05/01/2016;166.88;47.39
6;V01106;VITRAGE;PARE BRISE, LUNETTE;95450;AVERNES;19/09/2017;87.80;0
1;V01196;EQUIPEMENT ATELIER;MATERIEL;78700;CONFLANS STE HONORINE;29/11/2016;0;0
5;V00411;FREINAGE;PLAQUETTE;;;24/02/2015;139.70;42
8;V00166;ECLAIRAGE;LAMPE, AMPOULE, AMPOULE PHARE;95650;PUISEUX PONTOISE;05/03/2016;38.40;23.33
7;V01271;FILTRATION;FILTRE A HUILE;95520;OSNY;27/12/2017;11;25.82
6;V00979;ENTRAINEMENT;COURROIES;95450;VIGNY;24/03/2017;11.61;49.96
1;V00177;9;;95280;JOUY LE MOUTIER;19/02/2015;-42.44;35.06
7;V00676;ACCESSOIRE AUTO, PRODUIT ENTRETIEN;ADDITIF;95520;OSNY;22/06/2017;13.36;37.50
1;V01219;FREINAGE;DISQUE;95310;ST OUEN L AUMONE;28/11/2017;132.30;42
8;V00968;ENTRAINEMENT;COURROIES;95310;ST OUEN L AUMONE;11/07/2016;-11.94;48.32
6;V00331;FILTRATION;FILTRE A AIR;95640;MARINES;24/03/2017;47.30;31.33
5;V00411;DIRECTION, SUSPENSION, TRANSMISSION;ROTULE, BIELLETTE, TRIANGLE, SILENTBLOC;;;03/06/2017;16.80;31.90
8;V01009;ACCESSOIRE AUTO, PRODUIT ENTRETIEN;ESSUIE GLACES;78130;LES MUREAUX;08/11/2016;5.34;14.98
8;V00968;ESSUYAGE;;95310;ST OUEN L AUMONE;22/01/2015;14.84;14.89
7;V00740;FILTRATION;FILTRE A CARBURANT;95300;ENNERY;26/11/2015;27.81;17.40
8;V00166;DIRECTION, SUSPENSION, TRANSMISSION;RESSORT;95650;PUISEUX PONTOISE;11/09/2015;61.27;22.72
8;V00166;ENTRAINEMENT;KIT DE DISTRIBUTION AVEC POMPE A EAU;95650;PUISEUX PONTOISE;07/04/2017;89.62;30.91
8;V00689;DIRECTION, SUSPENSION, TRANSMISSION;ROTULE, BIELLETTE, TRIANGLE, SILENTBLOC;;;06/01/2017;73.76;9.08
7;V00676;ENTRAINEMENT;COURROIES;95520;OSNY;24/12/2015;16.73;48.24
8;V00968;ELECTRICITE;BOBINE;95310;ST OUEN L AUMONE;06/03/2017;44.83;27.28
7;V00676;FILTRATION;FILTRE A HUILE;95520;OSNY;10/05/2017;6.54;25.84
1;V00636;FILTRATION;FILTRE HABITACLE;95310;ST OUEN L AUMONE;10/11/2015;6.28;29.30
8;V00968;FILTRATION;FILTRE HABITACLE;95310;ST OUEN L AUMONE;15/09/2015;6.82;25.66
5;V00411;LIQUIDE;LIQUIDE DE FREIN;;;06/07/2015;8.05;75.16
5;V00411;VITRAGE;DIVERS VITRAGE 0;;;19/05/2016;12.10;30
5;V00411;ACCESSOIRE AUTO, PRODUIT ENTRETIEN;DIVERS ACCESSOIRES, ENTRETIEN;;;10/10/2015;33.47;33.49
5;V00411;VITRAGE;DIVERS VITRAGE 0;;;15/06/2017;63.20;33.80
1;V00043;ENTRAINEMENT;GALET, POULIE, DAMPER;95150;TAVERNY;05/09/2017;43.74;37.45
7;V00464;VITRAGE;PEINTURE, VERNIS, DURCISSEUR, PPS;95301;PONTOISE;17/05/2016;4.30;37.44
1;V00255;VITRAGE;DIVERS VITRAGE 0;95150;TAVERNY;02/06/2016;215.73;30.47
6;V00752;FILTRATION;FILTRE A CARBURANT;95450;VIGNY;08/07/2015;9.17;25.63
5;V00411;EQUIPEMENT ATELIER;CONSOMABLE;;;01/08/2016;26.21;33.61
7;V00464;DIVERS;DIVERS 0;95301;PONTOISE;22/12/2017;2.56;37.89
5;V01230;VITRAGE;RETROVISEUR, MIROIR;95000;CERGY;29/03/2017;54.78;25.92
8;V00968;EQUIPEMENT ATELIER;OUTILLAGE;95310;ST OUEN L AUMONE;20/06/2017;0;0
8;V00166;CONSOMMABLE CARROSSERIE;PEINTURE, VERNIS, DURCISSEUR;95650;PUISEUX PONTOISE;21/03/2015;13.88;32.71
6;V01106;FILTRATION;FILTRE A HUILE;95450;AVERNES;27/04/2017;30.88;29.53
1;V00636;LIQUIDE;HUILE MOTEUR;95310;ST OUEN L AUMONE;25/04/2016;50.36;37.89
1;V00074;FILTRATION;FILTRE HABITACLE;95250;BEAUCHAMP;29/11/2016;6.32;25.63
6;V00331;FILTRATION;FILTRE A HUILE;95640;MARINES;24/06/2016;-58.94;25.69
8;V01009;EQUIPEMENT ATELIER;CONSOMABLE;78130;LES MUREAUX;29/03/2016;9.65;42.80
5;V00411;ELECTRICITE;BATTERIE;;;04/04/2017;89.60;39.40
5;V00411;FREINAGE;DISQUE;;;12/12/2017;80.20;45.94
1;V00937;DIVERS;BAGUE, JOINT;95310;ST OUEN L AUMONE;04/01/2016;12.23;35.81
14;V01214;EMBRAYAGE;KIT EMBRAYAGE AVEC VOLANT MOTEUR;;;10/02/2017;413.40;21.68
7;V00676;FILTRATION;FILTRE A HUILE;95520;OSNY;15/11/2017;6.28;25.80
5;V00424;FILTRATION;FILTRE A CARBURANT;;;13/12/2016;-6.86;25.66
2;V01087;VITRAGE;PEINTURE, VERNIS, DURCISSEUR, PPS;78310;COIGNIERES;04/10/2017;71.80;48.12
5;V00411;ELECTRICITE;CAPTEURS, SONDES;;;19/12/2015;38.76;37.05
5;V00411;FREINAGE;DISQUE;;;06/07/2015;52.83;54.55
5;V00411;FILTRATION;FILTRE HABITACLE;;;12/09/2015;11.25;33.42
5;V00411;LIQUIDE;HUILE DE BOITE;;;04/02/2016;55.88;39.76
5;V00411;ELECTRICITE;BOUGIE D'ALLUMAGE;;;19/11/2016;11.62;36.66
1;V00937;FREINAGE;PLAQUETTE;95310;ST OUEN L AUMONE;27/03/2017;103.03;42.08
5;V00424;ELECTRICITE;BOUGIE D'ALLUMAGE;;;11/04/2016;33.09;32.73
6;V00979;FILTRATION;FILTRE A HUILE;95450;VIGNY;23/12/2015;5.10;25.69
2;V00846;VITRAGE;ABRASIF, MASQUAGE;95100;ARGENTEUIL;19/11/2015;268;50
7;V00695;ACCESSOIRE AUTO, PRODUIT ENTRETIEN;DIVERS ACCESSOIRES, ENTRETIEN;95450;CONDECOURT;15/05/2015;33.53;40.47
1;V01168;VITRAGE;PEINTURE, VERNIS, DURCISSEUR, PPS;60230;CHAMBLY;09/02/2017;32.47;35.82
1;V00208;VITRAGE;ABRASIF, MASQUAGE;78700;CONFLANS STE HONORIN;20/03/2017;77.50;32.58
8;V00968;LIQUIDE;DIVERS LIQUIDES;95310;ST OUEN L AUMONE;14/04/2016;57.10;34.17
7;V01121;EQUIPEMENT ATELIER;OUTILLAGE;60240;FLEURY;11/02/2016;9.10;36.04
8;V00572;DIVERS;BAGUE, JOINT;95650;PUISEUX PONTOISE;18/09/2017;62.99;33.85
5;V00411;THERMIQUE;RADIATEUR;;;29/03/2017;88.65;38.92
7;V00739;ECHAPPEMENT;TUBE, SILENCIEUX;95000;CERGY;27/03/2017;75.75;38.67
1;V00043;ENTRAINEMENT;COURROIES;95150;TAVERNY;23/03/2017;21.27;49.98
7;V00675;MOTEUR;;95802;CERGY-PONTOISE CEDEX;05/03/2015;25.51;41.79
2;V00841;EQUIPEMENT ATELIER;EPI;95220;HERBLAY;15/09/2017;9.33;28.83
1;V01122;VITRAGE;ABRASIF, MASQUAGE;95310;ST OUEN L AUMONE;26/09/2017;32.80;37.50
8;V00968;ENTRAINEMENT;COURROIES;95310;ST OUEN L AUMONE;16/10/2015;19.83;36.16
5;V00430;FILTRATION;FILTRE A CARBURANT;;;07/08/2017;24.63;29.56
7;V00464;FILTRATION;FILTRE A AIR;95301;PONTOISE;18/07/2017;9.08;31.28
8;V01009;DIRECTION, SUSPENSION, TRANSMISSION;ROULEMENT;78130;LES MUREAUX;15/06/2017;60.46;30.78
7;V01258;FREINAGE;PLAQUETTE;94410;ST MAURICE;23/11/2017;37.85;42.01
1;V00358;MOTEUR;DIVERS MOTEUR;;;23/04/2015;22.90;22.23
5;V00411;EQUIPEMENT ATELIER;MATERIEL;;;04/01/2016;42.87;34.69
5;V00974;LIQUIDE;HUILE MOTEUR;;;12/09/2017;23.81;37.97
1;V00358;FILTRATION;FILTRE A AIR;;;20/01/2017;8.41;29.37
2;V01003;VITRAGE;ABRASIF, MASQUAGE;78500;SARTROUVILLE;13/09/2016;20;22.20
5;V00960;ECHAPPEMENT;ACCESSOIRES DE MONTAGE;;;12/06/2015;4.80;34.58
8;V00968;FREINAGE;PLAQUETTE;95310;ST OUEN L AUMONE;20/04/2015;151.41;27.49
5;V00411;ENTRAINEMENT;KIT DE DISTRIBUTION AVEC POMPE A EAU;;;09/08/2016;99.25;37.82
5;V00411;FILTRATION;FILTRE HABITACLE;;;25/01/2017;0;0
8;V00166;FILTRATION;FILTRE A AIR;95650;PUISEUX PONTOISE;08/10/2016;14.11;25.66
1;V00662;EQUIPEMENT ATELIER;EPI;95310;ST OUEN L AUMONE;10/02/2017;39.80;33.27
7;V01044;FILTRATION;FILTRE A HUILE;95480;PIERRELAYE;24/04/2015;6.63;25.64
2;V00785;VITRAGE;DIVERS VITRAGE 0;78920;ECQUEVILLY;08/01/2016;379.02;36.26
8;V01153;FILTRATION;FILTRE HABITACLE;;;25/03/2017;8.52;9.04
7;V01164;EQUIPEMENT ATELIER;CONSOMABLE;95650;BOISSY L AILLERIE;18/02/2017;19.90;3.52
2;V00841;VITRAGE;DIVERS VITRAGE 0;95220;HERBLAY;18/04/2017;335.85;31.68
5;V00411;LIQUIDE;HUILE MOTEUR;;;14/08/2015;47.03;43.61
6;V00331;DIVERS;DIVERS 0;95640;MARINES;02/12/2015;240;36.67
7;V00740;FILTRATION;FILTRE A AIR;95300;ENNERY;23/06/2015;12.89;29.40
1;V01029;DIVERS;DIVERS 0;95800;CERGY;06/04/2017;42.48;41.15
7;V00739;FILTRATION;FILTRE A AIR;95000;CERGY;10/12/2015;12.06;25.62
6;V00752;FILTRATION;FILTRE A HUILE;95450;VIGNY;03/08/2015;-6;25.67
1;V00074;EQUIPEMENT ATELIER;MATERIEL;95250;BEAUCHAMP;27/05/2016;38.48;37.50
2;V00843;VITRAGE;DIVERS VITRAGE 0;78260;ACHERES;04/12/2017;244.80;38.19
7;V00464;ECLAIRAGE;DIVERS ECLAIRAGE;95301;PONTOISE;30/12/2015;121;16.53
1;V00074;ELECTRICITE;BOUGIE D'ALLUMAGE;95250;BEAUCHAMP;29/07/2015;66.02;38.32
7;V01044;FREINAGE;PLAQUETTE;95480;PIERRELAYE;05/01/2016;32.22;38.95
5;V00411;ECHAPPEMENT;ACCESSOIRES DE MONTAGE;;;20/09/2017;1.50;64
6;V00979;EQUIPEMENT ATELIER;CONSOMABLE;95450;VIGNY;21/02/2017;-5.12;27.73
1;V00624;DIVERS;DIVERS 0;95310;ST OUEN L AUMONE;09/11/2015;285.60;33.47
1;V00074;ENTRAINEMENT;KIT DE DISTRIBUTION AVEC POMPE A EAU;95250;BEAUCHAMP;05/12/2016;132.41;31.61
5;V00411;DIRECTION, SUSPENSION, TRANSMISSION;SOUFFLET;;;16/06/2015;36.06;42.85
1;V01168;VITRAGE;PEINTURE, VERNIS, DURCISSEUR, PPS;60230;CHAMBLY;13/04/2017;810.32;35.72
5;V00411;ACCESSOIRE AUTO, PRODUIT ENTRETIEN;DIVERS ACCESSOIRES, ENTRETIEN;;;18/11/2017;5.22;45.02
1;V00937;ACCESSOIRE AUTO, PRODUIT ENTRETIEN;ESSUIE GLACES;95310;ST OUEN L AUMONE;18/01/2017;23.76;36.66
6;V00601;FILTRATION;FILTRE HABITACLE;95310;ST OUEN L AUMONE;12/08/2015;10.97;25.62
7;V00641;ACCESSOIRE AUTO, PRODUIT ENTRETIEN;DIVERS ACCESSOIRES, ENTRETIEN;95650;BOISSY L AILLERIE;16/06/2016;32.76;40.48
7;V00740;FILTRATION;FILTRE HABITACLE;95300;ENNERY;07/09/2017;12.04;27.74
5;V00974;ELECTRICITE;BOUGIE DE PRECHAUFFAGE;;;27/07/2015;28.33;39.99
1;V00358;FILTRATION;FILTRE A HUILE;;;29/05/2015;15;38
7;V00740;LIQUIDE;HUILE MOTEUR;95300;ENNERY;20/07/2016;52.39;37.89
8;V00166;MOTEUR;DIVERS MOTEUR;95650;PUISEUX PONTOISE;13/12/2017;139.08;18.75
8;V00968;DIVERS;CABLE;95310;ST OUEN L AUMONE;18/10/2016;21;35
7;V00676;FILTRATION;FILTRE HABITACLE;95520;OSNY;27/06/2016;7.65;25.62
5;V00411;LIQUIDE;LAVE GLACE;;;26/08/2015;4.04;29.46
5;V00411;FILTRATION;FILTRE A CARBURANT;;;27/10/2016;46.12;34.26
5;V00411;ELECTRICITE;BATTERIE;;;21/02/2015;289.93;46.31
8;V00968;DIRECTION, SUSPENSION, TRANSMISSION;ROTULE, BIELLETTE, TRIANGLE, SILENTBLOC;95310;ST OUEN L AUMONE;27/06/2016;166.66;47.27
6;V01106;FILTRATION;FILTRE HABITACLE;95450;AVERNES;25/04/2017;39.99;31.28
7;V01042;VITRAGE;RETROVISEUR, MIROIR;95450;US;27/02/2017;48.94;33.67
7;V00749;DIRECTION, SUSPENSION, TRANSMISSION;BUTEE, SEMELLE, COUPELLE, KIT DE PROTECTION;78570;CHANTELOUP LES VIGNES;05/01/2015;39.97;32.75
1;V00074;COMPTABILITE;CONSIGNE;95250;BEAUCHAMP;16/01/2017;200;0
1;V00358;FILTRATION;FILTRE A CARBURANT;;;01/12/2016;-30.59;25.66
5;V01071;FILTRATION;FILTRE A HUILE;95000;CERGY;03/07/2015;4.02;25.62
8;V00166;ECHAPPEMENT;ACCESSOIRES DE MONTAGE;95650;PUISEUX PONTOISE;20/07/2016;62.84;57.42
