Code Rep;Code Clt;lib famille;lib sfam;cp cli liv;ville cli liv;date doc;Vte Factur√©es;Marge %(BA)
8;V00991;ENTRAINEMENT;ALTERNATEUR;94320;THIAIS;05/10/2017;181.86;9.09
8;V00572;27;;95650;PUISEUX PONTOISE;25/03/2015;17.39;20.64
1;V00208;VITRAGE;DIVERS VITRAGE 0;78700;CONFLANS STE HONORIN;01/12/2016;471.28;42.21
7;V00676;ECHAPPEMENT;ACCESSOIRES DE MONTAGE;95520;OSNY;13/01/2015;-5.93;51.43
5;V00411;DIRECTION, SUSPENSION, TRANSMISSION;ROTULE, BIELLETTE, TRIANGLE, SILENTBLOC;;;24/09/2016;65.31;36.93
7;V00676;FREINAGE;DISQUE;95520;OSNY;04/05/2015;-54.40;50
8;V00572;LIQUIDE;LIQUIDE DE REFROIDISSEMENT;95650;PUISEUX PONTOISE;11/07/2017;6.45;23.26
5;V00411;DIVERS;DIVERS 0;;;26/05/2017;-0.46;156.52
5;V00352;FREINAGE;PLAQUETTE;95450;SAGY;23/11/2017;54.30;51.66
8;V00968;FILTRATION;FILTRE A AIR;95310;ST OUEN L AUMONE;13/10/2017;9.64;27.70
7;V01162;ECHAPPEMENT;ACCESSOIRES DE MONTAGE;95300;HEROUVILLE;06/12/2016;-1.35;60.74
5;V00513;FREINAGE;PLAQUETTE;95;;16/02/2015;33.67;42
1;V00636;FILTRATION;FILTRE A CARBURANT;95310;ST OUEN L AUMONE;21/05/2015;45.91;25.66
7;V00676;FILTRATION;FILTRE A HUILE;95520;OSNY;21/04/2015;6.39;25.67
1;V00253;LIQUIDE;HUILE DE BOITE;95310;SAINT-OUEN L'AUMONE;27/03/2017;23.67;37.90
1;V00358;ENTRAINEMENT;GALET, POULIE, DAMPER;;;18/10/2016;33.59;38.34
7;V00464;LIQUIDE;DIVERS LIQUIDES;95301;PONTOISE;20/11/2015;309.92;29.53
1;V00330;ACCESSOIRE AUTO, PRODUIT ENTRETIEN;DIVERS ACCESSOIRES, ENTRETIEN;95015;CERGY PONTOISE;06/01/2016;63.53;35.16
5;V00431;FILTRATION;FILTRE A CARBURANT;;;04/04/2016;-19.22;25.65
2;V00769;VITRAGE;DIVERS VITRAGE 0;92240;MALAKOFF;20/04/2017;34.17;76.47
7;V01271;FILTRATION;FILTRE A AIR;95520;OSNY;12/07/2017;10.04;27.69
1;V00937;MOTEUR;SUPPORT MOTEUR;95310;ST OUEN L AUMONE;04/02/2016;21.33;26.16
7;V00951;ELECTRICITE;DIVERS ELECTRICITE 0;95000;CERGY;15/04/2015;3.78;28.57
1;V01122;EQUIPEMENT ATELIER;MATERIEL;95310;ST OUEN L AUMONE;03/10/2016;176;35
5;V00529;LIQUIDE;HUILE DE BOITE;95550;BESSANCOURT;26/01/2017;14.71;36.10
2;V00843;VITRAGE;RETROVISEUR, MIROIR;78260;ACHERES;12/01/2015;89.68;49.46
1;V01029;LIQUIDE;LAVE GLACE;95800;CERGY;12/09/2016;5.95;29.41
1;V00637;VITRAGE;ABRASIF, MASQUAGE;95370;MONTIGNY LES CORMEILLES;18/09/2015;0;0
2;V01065;ACCESSOIRE AUTO, PRODUIT ENTRETIEN;DIVERS ACCESSOIRES, ENTRETIEN;78630;ORGEVAL;09/06/2015;286.86;27.94
5;V00411;DIVERS;DIVERS 0;;;21/11/2016;32.50;38.46
1;V00636;FREINAGE;DISQUE;95310;ST OUEN L AUMONE;04/11/2015;34.80;50
8;V00689;FILTRATION;FILTRE A HUILE;;;22/05/2017;7.14;9.10
7;V00641;DIVERS;BAGUE, JOINT;95650;BOISSY L AILLERIE;17/12/2015;15.56;35.80
7;V00464;FILTRATION;FILTRE A HUILE;95301;PONTOISE;18/07/2017;6.18;29.61
7;V01117;FILTRATION;FILTRE A HUILE;95450;SAGY;19/12/2016;8.98;25.72
1;V00302;18;;95800;CERGY ST.CHRISTOPHE;06/03/2015;231.54;34.75
8;V00572;ENTRAINEMENT;KIT DE DISTRIBUTION AVEC POMPE A EAU;95650;PUISEUX PONTOISE;20/10/2016;69.18;14.50
8;V00166;DIRECTION, SUSPENSION, TRANSMISSION;BUTEE, SEMELLE, COUPELLE, KIT DE PROTECTION;95650;PUISEUX PONTOISE;03/11/2015;99.06;34.61
7;V01140;ELECTRICITE;BOUGIE DE PRECHAUFFAGE;94410;SAINT-MAURICE;29/11/2017;43;28
7;V00739;ACCESSOIRE AUTO, PRODUIT ENTRETIEN;ESSUIE GLACES;95000;CERGY;22/08/2017;19.18;31.91
8;V00968;FILTRATION;FILTRE A CARBURANT;95310;ST OUEN L AUMONE;12/07/2017;-37.42;26.54
5;V00513;27;;95;;06/03/2015;9.45;33.33
2;V00885;VITRAGE;PARE BRISE, LUNETTE;78500;SARTROUVILLE;06/02/2015;37.78;42.01
1;V01114;ENTRAINEMENT;POMPE A EAU;95520;OSNY;16/02/2016;63.51;43.08
5;V00419;ELECTRICITE;BATTERIE;95304;CERGY PONTOISE CEDEX;17/05/2016;72.09;43.33
8;V00166;EMBRAYAGE;KIT EMBRAYAGE;95650;PUISEUX PONTOISE;09/02/2015;126.59;27.27
8;V00968;FREINAGE;DISQUE AVEC ROULEMENT;95310;ST OUEN L AUMONE;20/09/2017;123.60;31.67
2;V00763;VITRAGE;ABRASIF, MASQUAGE;92500;RUEIL MALMAISON;02/12/2015;46.88;62.95
5;V00411;ELECTRICITE;CAPTEURS, SONDES;;;16/12/2015;-13.04;32.59
8;V00166;FILTRATION;FILTRE A HUILE;95650;PUISEUX PONTOISE;18/05/2017;15.71;25.40
1;V00179;ECHAPPEMENT;TUBE, SILENCIEUX;78700;CONFLANS ST HONORINE;27/11/2017;61.15;48.85
1;V00633;VITRAGE;ABRASIF, MASQUAGE;95150;TAVERNY;06/05/2015;49.07;47.73
8;V00166;ELECTRICITE;BOBINE;95650;PUISEUX PONTOISE;11/09/2015;71.50;29.09
5;V00411;ENTRAINEMENT;KIT DE DISTRIBUTION AVEC POMPE A EAU;;;24/11/2017;127.96;30.91
5;V01010;ENTRAINEMENT;COURROIES;95800;COURDIMANCHE;19/12/2015;11.98;39.98
5;V00411;ELECTRICITE;BOBINE;;;23/11/2016;42.25;28.33
1;V01138;FREINAGE;PLAQUETTE;95540;MERY SUR OISE;04/03/2016;22;42
5;V00411;ELECTRICITE;BATTERIE;;;04/10/2017;410.67;37.58
5;V00411;FILTRATION;FILTRE A HUILE;;;09/06/2017;63.44;34.91
8;V00166;ACCESSOIRE AUTO, PRODUIT ENTRETIEN;PLAQUE D'IMMATRICULATION;95650;PUISEUX PONTOISE;09/02/2016;10.50;18.10
5;V01105;ENTRAINEMENT;GALET, POULIE, DAMPER;.;.;08/01/2016;28.66;29.10
5;V00529;ACCESSOIRE AUTO, PRODUIT ENTRETIEN;DIVERS ACCESSOIRES, ENTRETIEN;95550;BESSANCOURT;22/06/2015;7.34;32.02
6;V00752;DIRECTION, SUSPENSION, TRANSMISSION;ROTULE, BIELLETTE, TRIANGLE, SILENTBLOC;95450;VIGNY;04/09/2015;50.28;51.65
8;V00572;ACCESSOIRE AUTO, PRODUIT ENTRETIEN;DIVERS ACCESSOIRES, ENTRETIEN;95650;PUISEUX PONTOISE;09/11/2016;14.40;12.50
5;V00411;PNEUS;PNEUS;;;16/12/2017;133;17.14
8;V00166;DIRECTION, SUSPENSION, TRANSMISSION;BUTEE, SEMELLE, COUPELLE, KIT DE PROTECTION;95650;PUISEUX PONTOISE;16/06/2015;147.81;34.61
6;V00228;ECLAIRAGE;LAMPE, AMPOULE, AMPOULE PHARE;95300;ENNERY;22/12/2017;28.08;59.76
1;V00177;EQUIPEMENT ATELIER;OUTILLAGE;95280;JOUY LE MOUTIER;26/09/2016;6.48;29.48
1;V00638;DIRECTION, SUSPENSION, TRANSMISSION;ROTULE, BIELLETTE, TRIANGLE, SILENTBLOC;95840;VILLIERS ADAM;15/04/2015;26.40;51.67
1;V00178;DIVERS;DIVERS 0;95280;JOUY LE MOUTIER;03/10/2017;473.88;62.02
8;V00968;FREINAGE;TEMOIN D'USURE;95310;ST OUEN L AUMONE;19/05/2017;10.14;50
5;V00411;FILTRATION;FILTRE A AIR;;;15/05/2017;62.33;37.53
8;V00166;ELECTRICITE;BOUGIE D'ALLUMAGE;95650;PUISEUX PONTOISE;14/03/2017;14.40;26.11
7;V00739;FILTRATION;FILTRE A HUILE;95000;CERGY;10/02/2016;6.21;21.74
1;V00074;FILTRATION;FILTRE HABITACLE;95250;BEAUCHAMP;23/02/2017;10.01;25.57
7;V00464;VITRAGE;RETROVISEUR, MIROIR;95301;PONTOISE;23/10/2017;27.89;33.67
7;V00739;FILTRATION;FILTRE A HUILE;95000;CERGY;14/03/2017;8.71;21.70
7;V00464;FILTRATION;FILTRE HABITACLE;95301;PONTOISE;13/04/2016;7.08;29.38
7;V00475;EQUIPEMENT ATELIER;OUTILLAGE;95038;VAUREAL;23/09/2015;0;0
5;V00419;ESSUYAGE;;95304;CERGY PONTOISE CEDEX;18/02/2015;25.44;31.68
1;V00636;DIRECTION, SUSPENSION, TRANSMISSION;ROTULE, BIELLETTE, TRIANGLE, SILENTBLOC;95310;ST OUEN L AUMONE;11/04/2016;31.20;51.67
5;V00411;DIVERS;DIVERS 0;;;06/04/2016;19.46;28.57
2;V01189;VITRAGE;DIVERS VITRAGE 0;95230;SOISY SOUS MONTMORENCY;28/03/2017;52.32;46.16
5;V01071;LIQUIDE;HUILE DE BOITE;95000;CERGY;08/03/2017;6.37;33.12
1;V01219;DIVERS;DIVERS 0;95310;ST OUEN L AUMONE;17/03/2017;145.55;33.33
5;V00411;ACCESSOIRE AUTO, PRODUIT ENTRETIEN;ADDITIF;;;23/12/2017;82.51;37.49
6;V00752;FILTRATION;FILTRE A CARBURANT;95450;VIGNY;18/12/2015;15.13;25.71
1;V00675;ECHAPPEMENT;ACCESSOIRES DE MONTAGE;95802;CERGY-PONTOISE CEDEX;28/08/2017;35.10;48.09
7;V00951;VITRAGE;DIVERS VITRAGE 0;95000;CERGY;09/09/2016;13.20;33.33
1;V00937;ACCESSOIRE AUTO, PRODUIT ENTRETIEN;PLAQUE D'IMMATRICULATION;95310;ST OUEN L AUMONE;23/04/2015;18;52.22
8;V00968;FILTRATION;FILTRE A HUILE;95310;ST OUEN L AUMONE;21/06/2016;12.04;21.76
2;V01094;VITRAGE;DIVERS VITRAGE 0;95100;ARGENTEUIL;09/10/2015;67.08;42.49
7;V00695;ACCESSOIRE AUTO, PRODUIT ENTRETIEN;ESSUIE GLACES;95450;CONDECOURT;13/10/2015;11.10;23.96
1;V01114;ACCESSOIRE AUTO, PRODUIT ENTRETIEN;DIVERS ACCESSOIRES, ENTRETIEN;95520;OSNY;09/11/2015;3.91;46.29
8;V00166;FILTRATION;FILTRE A HUILE;95650;PUISEUX PONTOISE;27/11/2015;14.99;21.75
8;V00689;FREINAGE;PLAQUETTE;;;23/05/2016;10.89;9.09
8;V00968;27;;95310;ST OUEN L AUMONE;23/02/2015;40.50;33.33
1;V00208;VITRAGE;ABRASIF, MASQUAGE;78700;CONFLANS STE HONORIN;09/09/2015;222.05;53.61
5;V01190;FREINAGE;PLAQUETTE;95300;PONTOISE;22/11/2016;18;27.50
5;V00411;DIRECTION, SUSPENSION, TRANSMISSION;ROULEMENT;;;19/07/2017;46.94;35.73
1;V01201;FILTRATION;FILTRE A HUILE;95520;OSNY;26/05/2017;6.80;25.88
8;V00572;FILTRATION;FILTRE A HUILE;95650;PUISEUX PONTOISE;20/10/2016;5.89;13.07
7;V00739;FILTRATION;FILTRE HABITACLE;95000;CERGY;11/04/2016;28.29;25.66
5;V00411;ELECTRICITE;CAPTEURS, SONDES;;;02/12/2016;19.04;47.01
8;V00968;FREINAGE;PLAQUETTE;95310;ST OUEN L AUMONE;08/11/2017;36.20;27.49
1;V00358;FILTRATION;FILTRE A CARBURANT;;;13/04/2016;20.23;25.65
6;V00979;FILTRATION;FILTRE A CARBURANT;95450;VIGNY;29/03/2016;23.35;25.65
5;V01010;FILTRATION;FILTRE HABITACLE;95800;COURDIMANCHE;17/03/2015;6.91;29.38
8;V01009;DIRECTION, SUSPENSION, TRANSMISSION;BUTEE, SEMELLE, COUPELLE, KIT DE PROTECTION;78130;LES MUREAUX;16/01/2015;58.76;34.04
8;V01009;ELECTRICITE;CAPTEURS, SONDES;78130;LES MUREAUX;30/10/2017;65.68;32.54
1;V00633;EQUIPEMENT ATELIER;OUTILLAGE;95150;TAVERNY;23/02/2017;26.55;23.50
7;V01044;FILTRATION;FILTRE HABITACLE;95480;PIERRELAYE;06/07/2016;19.75;25.62
1;V00177;FILTRATION;FILTRE A HUILE;95280;JOUY LE MOUTIER;31/03/2017;5.95;29.41
7;V01117;DIVERS;DIVERS 0;95450;SAGY;23/06/2016;81.98;34.48
5;V00424;FILTRATION;FILTRE A HUILE;;;24/04/2017;6.18;29.61
5;V00411;DIVERS;BAGUE, JOINT;;;04/04/2016;7.20;46.25
7;V00465;EQUIPEMENT ATELIER;CONSOMABLE;95520;OSNY;11/04/2017;18.53;37.51
7;V00676;MOTEUR;SUPPORT MOTEUR;95520;OSNY;22/09/2015;-67.30;26.15
1;V01201;INDEFINI;INDEFINI;95520;OSNY;10/10/2017;60;0
1;V00601;EQUIPEMENT ATELIER;OUTILLAGE;95310;ST OUEN L AUMONE;29/01/2015;269.80;30
5;V00411;FILTRATION;FILTRE A HUILE;;;06/07/2016;58.47;34.05
1;V00043;DIRECTION, SUSPENSION, TRANSMISSION;RESSORT;95150;TAVERNY;06/07/2016;171.72;29.16
1;V00937;EMBRAYAGE;KIT EMBRAYAGE;95310;ST OUEN L AUMONE;14/09/2016;183.60;38.33
6;V00601;FILTRATION;FILTRE A HUILE;95310;ST OUEN L AUMONE;20/08/2015;11.87;21.74
6;V00601;FILTRATION;FILTRE A AIR;95310;ST OUEN L AUMONE;09/07/2015;10.33;25.65
1;V00624;ACCESSOIRE AUTO, PRODUIT ENTRETIEN;DIVERS ACCESSOIRES, ENTRETIEN;95310;ST OUEN L AUMONE;21/01/2016;22.80;44.74
1;V00208;29;;78700;CONFLANS STE HONORIN;10/02/2015;292.73;47.27
1;V01201;ENTRAINEMENT;COURROIES;95520;OSNY;27/07/2017;-2.17;62.67
5;V00411;ELECTRICITE;BOUGIE D'ALLUMAGE;;;27/05/2017;15.07;38.35
7;V00739;DIVERS;DIVERS 0;95000;CERGY;31/05/2017;90.56;37.50
5;V00411;ESSUYAGE;;;;31/01/2015;33.53;41.43
7;V00676;FREINAGE;TEMOIN D'USURE;95520;OSNY;02/12/2015;15.23;51.87
5;V00411;LIQUIDE;LIQUIDE DE REFROIDISSEMENT;;;10/05/2017;11.55;31.60
1;V00105;FILTRATION;FILTRE HABITACLE;95320;SAINT LEU LA FORET;20/12/2017;-30.52;27.69
5;V00411;ELECTRICITE;CAPTEURS, SONDES;;;03/10/2016;17.04;38.15
6;V00228;ELECTRICITE;BATTERIE;95300;ENNERY;29/09/2017;-14.40;44.44
8;V00166;ELECTRICITE;RELAIS, FUSIBLE, FAISCEAU, CONTACTEUR;95650;PUISEUX PONTOISE;04/05/2015;23.34;31.83
7;V01117;LIQUIDE;HUILE MOTEUR;95450;SAGY;03/04/2017;15.14;37.91
1;V01283;VITRAGE;ABRASIF, MASQUAGE;95420;MAGNY EN VEXIN;13/12/2017;9.46;30.02
5;V00431;FILTRATION;FILTRE HABITACLE;;;29/08/2016;7.09;29.34
1;V00074;ENTRAINEMENT;GALET, POULIE, DAMPER;95250;BEAUCHAMP;05/12/2016;58.30;29.09
8;V00572;VITRAGE;DIVERS VITRAGE 0;95650;PUISEUX PONTOISE;23/10/2015;14.74;5.70
6;V00979;FILTRATION;FILTRE A HUILE;95450;VIGNY;17/10/2017;11.19;36.55
7;V00641;VITRAGE;ABRASIF, MASQUAGE;95650;BOISSY L AILLERIE;21/11/2016;65.37;30.01
5;V00411;27;;;;12/01/2015;12.50;40.48
7;V00740;FILTRATION;FILTRE A CARBURANT;95300;ENNERY;06/10/2016;37.58;21.74
8;V00166;EQUIPEMENT ATELIER;CONSOMABLE;95650;PUISEUX PONTOISE;16/03/2017;1.73;13.29
1;V00043;FREINAGE;PLAQUETTE;95150;TAVERNY;08/11/2016;29.99;54.55
2;V00800;VITRAGE;DIVERS VITRAGE 0;78360;MONTESSON;29/08/2016;177.38;46.75
1;V00937;ENTRAINEMENT;KIT DE DISTRIBUTION, ACCESSOIRES;95310;ST OUEN L AUMONE;04/07/2016;87.21;43
5;V00411;FREINAGE;DISQUE;;;08/08/2017;76.70;41.99
1;V00937;DIVERS;BAGUE, JOINT;95310;ST OUEN L AUMONE;28/07/2016;8.47;35.77
2;V00788;VITRAGE;ABRASIF, MASQUAGE;78650;BEYNES;17/07/2015;42;24
5;V00411;FILTRATION;FILTRE A AIR;;;14/09/2016;41.73;29.36
7;V00464;EMBRAYAGE;HYDRAULIQUE,  EMETTEUR, RECEPTEUR, BUTEE;95301;PONTOISE;28/02/2017;37.90;51.45
8;V01009;ELECTRICITE;CAPTEURS, SONDES;78130;LES MUREAUX;07/09/2016;27.18;38.15
1;V00330;FILTRATION;FILTRE A AIR;95015;CERGY PONTOISE;10/03/2017;21.14;29.33
5;V00411;FILTRATION;FILTRE A AIR;;;23/01/2016;72.51;41.54
5;V00411;FILTRATION;FILTRE A HUILE;;;04/02/2015;25.20;38.06
7;V00464;FILTRATION;FILTRE A HUILE;95301;PONTOISE;13/10/2015;6.66;25.68
7;V00660;PNEUS;PNEUS ANCIEN;95000;CERGY;22/01/2015;49.34;16.92
8;V00166;FREINAGE;PLAQUETTE;95650;PUISEUX PONTOISE;23/01/2015;107.74;27.51
6;V00289;ENTRAINEMENT;COURROIES;;;29/11/2017;34.78;39.99
2;V00798;VITRAGE;ABRASIF, MASQUAGE;92150;SURESNES;03/06/2015;64.68;56.52
6;V00331;DIRECTION, SUSPENSION, TRANSMISSION;RESSORT;95640;MARINES;02/07/2015;99.60;29.17
5;V00411;EQUIPEMENT ATELIER;OUTILLAGE;;;12/12/2017;43.99;29.80
5;V00110;FREINAGE;PLAQUETTE;95450;US;24/11/2016;51.20;41.99
6;V00192;ENTRAINEMENT;COURROIES;95650;PUISEUX-PONTOISE;05/08/2016;6.72;59.52
14;V01214;FREINAGE;PLAQUETTE;;;30/03/2017;20.93;37.84
5;V00411;ECHAPPEMENT;ACCESSOIRES DE MONTAGE;;;27/06/2015;4.56;57.89
8;V00166;FREINAGE;TEMOIN D'USURE;95650;PUISEUX PONTOISE;13/12/2017;8.16;46.69
5;V00411;ACCESSOIRE AUTO, PRODUIT ENTRETIEN;PLAQUE D'IMMATRICULATION;;;03/03/2015;63;45.40
1;V00074;ELECTRICITE;BATTERIE;95250;BEAUCHAMP;04/03/2016;96.40;43.34
7;V00676;EQUIPEMENT ATELIER;CONSOMABLE;95520;OSNY;27/09/2017;64.38;37.14
7;V01044;LIQUIDE;HUILE MOTEUR;95480;PIERRELAYE;26/07/2017;50.05;38.42
5;V00411;ACCESSOIRE AUTO, PRODUIT ENTRETIEN;ESSUIE GLACES;;;15/06/2017;72.50;29.31
5;V00411;ECHAPPEMENT;TUBE, SILENCIEUX;;;21/01/2017;-40.81;56.65
5;V00362;FREINAGE;KIT DE FREIN;;CERGY;28/11/2015;80.18;35.99
2;V00766;VITRAGE;PARE BRISE, LUNETTE;93120;LA COURNEUVE;18/03/2015;37.78;42.01
5;V00430;FREINAGE;PLAQUETTE;;;03/05/2017;32.25;41.98
7;V00688;DIRECTION, SUSPENSION, TRANSMISSION;SOUFFLET;;;01/09/2016;21.13;42.88
5;V00411;CONSOMMABLE CARROSSERIE;GAZ;;;16/02/2015;111.02;39.99
5;V00411;ACCESSOIRE AUTO, PRODUIT ENTRETIEN;DIVERS ACCESSOIRES, ENTRETIEN;;;15/11/2017;49.83;20.63
5;V00411;LIQUIDE;LIQUIDE DE REFROIDISSEMENT;;;26/10/2017;13.31;33.13
5;V00411;PNEUS;PNEUS;;;10/02/2017;74.80;18.18
7;V00739;DIVERS;DIVERS 0;95000;CERGY;14/10/2016;-45;100
7;V00695;FILTRATION;FILTRE A HUILE;95450;CONDECOURT;21/06/2016;6.60;21.82
7;V01100;ACCESSOIRE AUTO, PRODUIT ENTRETIEN;PLAQUE D'IMMATRICULATION;95450;US;27/07/2017;16.50;47.88
5;V00411;FREINAGE;PLAQUETTE;;;21/05/2015;39.02;51.41
2;V00773;VITRAGE;DIVERS VITRAGE 0;92600;ASNIERES SUR SEINE;13/12/2017;144.43;41.59
5;V00411;FREINAGE;KIT DE FREIN;;;22/05/2015;51.75;40
1;V00638;DIRECTION, SUSPENSION, TRANSMISSION;ROULEMENT;95840;VILLIERS ADAM;04/05/2015;107.08;40
1;V00074;FILTRATION;FILTRE HABITACLE;95250;BEAUCHAMP;04/06/2015;-3.12;29.49
7;V00676;ENTRAINEMENT;GALET, POULIE, DAMPER;95520;OSNY;09/03/2017;57.75;30.91
7;V00739;DIRECTION, SUSPENSION, TRANSMISSION;ROTULE, BIELLETTE, TRIANGLE, SILENTBLOC;95000;CERGY;14/04/2016;31.90;47.27
6;V00979;FREINAGE;PLAQUETTE;95450;VIGNY;26/11/2015;-48.84;41.99
1;V00074;ECHAPPEMENT;TUBE, SILENCIEUX;95250;BEAUCHAMP;24/06/2015;81.75;20
5;V00411;FREINAGE;MACHOIRE DE FREIN;;;26/02/2016;20.30;32.02
5;V00411;FREINAGE;PLAQUETTE;;;13/07/2017;192.05;39.64
5;V00411;ECHAPPEMENT;TUBE, SILENCIEUX;;;07/10/2016;41.67;48.88
8;V00968;FREINAGE;TEMOIN D'USURE;95310;ST OUEN L AUMONE;03/08/2016;24.48;46.65
6;V00289;FILTRATION;FILTRE A HUILE;;;06/05/2015;6.10;25.74
7;V00676;ECLAIRAGE;LAMPE, AMPOULE, AMPOULE PHARE;95520;OSNY;07/03/2016;48.15;37.78
5;V00411;EQUIPEMENT ATELIER;CONSOMABLE;;;23/05/2017;63.02;29.70
1;V00449;ENTRAINEMENT;DEMARREUR;95027;CERGY-PONTOISE CEDEX;28/07/2017;143.52;36.66
1;V00951;VITRAGE;DIVERS VITRAGE 0;95000;CERGY;29/12/2016;26.40;33.33
1;V00178;VITRAGE;DIVERS VITRAGE 0;95280;JOUY LE MOUTIER;03/05/2016;184.15;34.12
6;V00752;FILTRATION;FILTRE HABITACLE;95450;VIGNY;16/06/2015;10.92;29.40
7;V00465;LIQUIDE;HUILE MOTEUR;95520;OSNY;18/10/2017;129.50;38.15
2;V01003;EQUIPEMENT ATELIER;OUTILLAGE;78500;SARTROUVILLE;27/04/2016;159;23.88
1;V00255;VITRAGE;DIVERS VITRAGE 0;95150;TAVERNY;14/10/2015;23.80;43.99
1;V00449;ELECTRICITE;BATTERIE;95027;CERGY-PONTOISE CEDEX;28/09/2017;942.76;12.05
7;V00739;FILTRATION;FILTRE HABITACLE;95000;CERGY;14/10/2016;18.43;25.66
5;V00484;FREINAGE;HYDRAULIQUE, MAITRE, CYLINDRE, CORRECTEUR, SERVO..;;;17/10/2017;76.98;28.33
1;V00074;DIRECTION, SUSPENSION, TRANSMISSION;ROTULE, BIELLETTE, TRIANGLE, SILENTBLOC;95250;BEAUCHAMP;04/10/2017;97.50;36
5;V00411;FREINAGE;DISQUE;;;01/09/2015;71.51;54.86
2;V01094;VITRAGE;PEINTURE, VERNIS, DURCISSEUR, PPS;95100;ARGENTEUIL;16/12/2015;112.48;53.50
1;V00937;FREINAGE;PLAQUETTE;95310;ST OUEN L AUMONE;14/01/2016;47.05;42
7;V01148;ELECTRICITE;BATTERIE;60240;MONTJAVOULT;03/04/2017;61.36;30
7;V00739;ACCESSOIRE AUTO, PRODUIT ENTRETIEN;PLAQUE D'IMMATRICULATION;95000;CERGY;15/06/2017;18;52.22
1;V00594;LIQUIDE;LIQUIDE DE REFROIDISSEMENT;95480;PIERRELAYE;25/04/2016;39.69;24.41
5;V00411;ENTRAINEMENT;DEMARREUR;;;08/02/2016;83.30;38.19
5;V00411;ENTRAINEMENT;COURROIES;;;08/07/2017;27.90;45.30
7;V00740;FILTRATION;FILTRE HABITACLE;95300;ENNERY;11/09/2015;-18.58;25.62
7;V00739;ENTRAINEMENT;KIT DE DISTRIBUTION AVEC POMPE A EAU;95000;CERGY;10/12/2015;220.01;30.91
5;V00110;ENTRAINEMENT;COURROIES;95450;US;02/06/2016;114.40;60
7;V00740;ENTRAINEMENT;COURROIES;95300;ENNERY;20/07/2016;16.21;58.11
7;V00688;FILTRATION;FILTRE A HUILE;;;07/03/2015;5.35;25.61
8;V01009;ELECTRICITE;BOBINE;78130;LES MUREAUX;15/06/2015;48.95;59.14
7;V00724;ENTRAINEMENT;GALET, POULIE, DAMPER;95650;PUISEUX PONTOISE;19/10/2016;36.30;47.16
6;V00331;FREINAGE;PLAQUETTE;95640;MARINES;22/03/2017;22.48;50
5;V00411;FREINAGE;PLAQUETTE;;;21/09/2015;24.30;58.31
6;V00979;FREINAGE;PLAQUETTE;95450;VIGNY;12/07/2016;126.45;42
1;V01122;COMPTABILITE;DIVERS COMPTABILITE;95310;ST OUEN L AUMONE;03/06/2016;0;0
7;V00676;EMBRAYAGE;KIT EMBRAYAGE;95520;OSNY;09/02/2016;121.22;36.21
5;V00411;LIQUIDE;HUILE MOTEUR;;;16/02/2016;184.51;40.22
1;V01145;FILTRATION;FILTRE HABITACLE;95840;VILLIERS ADAM;25/10/2016;-10.17;29.30
5;V00411;FILTRATION;FILTRE A AIR;;;30/06/2017;10.57;31.32
6;V00979;VITRAGE;DIVERS VITRAGE 0;95450;VIGNY;02/02/2017;13.20;34.09
7;V00659;ENTRAINEMENT;DEMARREUR;95810;EPIAIS RHUS;30/06/2015;0;0
5;V00411;ECHAPPEMENT;ACCESSOIRES DE MONTAGE;;;12/01/2015;2.74;29.93
1;V00992;VITRAGE;PEINTURE, VERNIS, DURCISSEUR, PPS;95220;HERBLAY;23/06/2015;111.83;52.18
8;V00166;FREINAGE;DISQUE;95650;PUISEUX PONTOISE;09/04/2016;40;27.50
5;V00323;VITRAGE;DIVERS VITRAGE 0;95650;PUISEUX PONTOISE;29/03/2016;28.74;56.72
5;V00411;EMBRAYAGE;KIT EMBRAYAGE;;;24/09/2016;93.01;36.36
8;V00968;EQUIPEMENT ATELIER;OUTILLAGE;95310;ST OUEN L AUMONE;23/11/2016;3.99;27.82
5;V00411;ELECTRICITE;BOUGIE DE PRECHAUFFAGE;;;14/04/2015;0;0
8;V01050;LIQUIDE;HUILE MOTEUR;;;26/10/2017;51.60;4.36
7;V00739;FILTRATION;FILTRE A CARBURANT;95000;CERGY;28/03/2017;-49.28;21.73
1;V01122;FILTRATION;FILTRE HABITACLE;95310;ST OUEN L AUMONE;22/12/2016;6.28;29.30
7;V01271;ENTRAINEMENT;ALTERNATEUR;95520;OSNY;14/11/2017;186;36
7;V00641;ACCESSOIRE AUTO, PRODUIT ENTRETIEN;PLAQUE D'IMMATRICULATION;95650;BOISSY L AILLERIE;07/11/2016;9;52.22
7;V00695;ELECTRICITE;CAPTEURS, SONDES;95450;CONDECOURT;05/10/2016;-44.16;51.25
5;V00411;DIVERS;CABLE;;;01/10/2016;74.19;36.37
1;V00177;FILTRATION;FILTRE A HUILE;95280;JOUY LE MOUTIER;13/01/2017;5.89;25.64
1;V00043;ENTRAINEMENT;KIT DE DISTRIBUTION AVEC POMPE A EAU;95150;TAVERNY;23/11/2016;149.05;41.54
2;V00798;EQUIPEMENT ATELIER;EPI;92150;SURESNES;03/11/2015;18.11;38.27
5;V00424;LIQUIDE;HUILE MOTEUR;;;22/07/2015;22.57;37.88
5;V00411;EMBRAYAGE;HYDRAULIQUE,  EMETTEUR, RECEPTEUR, BUTEE;;;16/10/2017;75.60;25.71
7;V00739;ECHAPPEMENT;CATALYSEURS;95000;CERGY;04/07/2017;238;37.75
2;V00778;EQUIPEMENT ATELIER;OUTILLAGE;78370;PLAISIR;21/05/2015;40.05;83.52
7;V00749;ENTRAINEMENT;DEMARREUR;78570;CHANTELOUP LES VIGNES;15/10/2015;77.14;31.03
7;V00464;DIVERS;DIVERS 0;95301;PONTOISE;26/07/2017;12.42;47.02
7;V00739;DIRECTION, SUSPENSION, TRANSMISSION;AMORTISSEUR;95000;CERGY;28/06/2016;180.70;24
2;V00843;VITRAGE;PEINTURE, VERNIS, DURCISSEUR, PPS;78260;ACHERES;23/06/2015;77;61.30
5;V00559;DIRECTION, SUSPENSION, TRANSMISSION;ROTULE, BIELLETTE, TRIANGLE, SILENTBLOC;60119;HENONVILLE;08/01/2015;7.15;41.96
7;V01044;DIVERS;DIVERS 0;95480;PIERRELAYE;05/01/2016;0;0
5;V00411;ECHAPPEMENT;ACCESSOIRES DE MONTAGE;;;10/12/2015;6.14;57.98
5;V00411;ELECTRICITE;BATTERIE;;;20/10/2016;62.45;39.39
7;V01115;FREINAGE;TAMBOURS;95520;OSNY;11/06/2016;99.60;40
1;V01114;DIVERS;DIVERS 0;95520;OSNY;20/12/2016;30;43.67
8;V01009;LIQUIDE;HUILE DE BOITE;78130;LES MUREAUX;18/07/2016;17.72;47.07
7;V00676;FREINAGE;PLAQUETTE;95520;OSNY;06/06/2015;110.65;47.91
8;V01009;DIRECTION, SUSPENSION, TRANSMISSION;ROTULE, BIELLETTE, TRIANGLE, SILENTBLOC;78130;LES MUREAUX;23/05/2017;29.92;43.65
7;V00695;ENTRAINEMENT;GALET, POULIE, DAMPER;95450;CONDECOURT;04/10/2016;-96.92;34.18
5;V00411;FILTRATION;FILTRE HABITACLE;;;08/09/2017;15.62;42.77
1;V00178;EQUIPEMENT ATELIER;MATERIEL;95280;JOUY LE MOUTIER;13/12/2017;48;38.25
7;V00676;COMPTABILITE;CONSIGNE;95520;OSNY;04/01/2016;15.24;0
5;V00411;LIQUIDE;LIQUIDE DE FREIN;;;19/12/2015;7.77;61.39
6;V00331;COMPTABILITE;CONSIGNE;95640;MARINES;23/12/2016;-75.24;0
8;V00166;DIVERS;BAGUE, JOINT;95650;PUISEUX PONTOISE;28/04/2016;14.67;44.65
6;V00979;DIRECTION, SUSPENSION, TRANSMISSION;BUTEE, SEMELLE, COUPELLE, KIT DE PROTECTION;95450;VIGNY;29/05/2017;40.46;37.15
5;V00411;LIQUIDE;LAVE GLACE;;;14/01/2017;12.39;30.99
8;V00166;DIRECTION, SUSPENSION, TRANSMISSION;ROTULE, BIELLETTE, TRIANGLE, SILENTBLOC;95650;PUISEUX PONTOISE;29/09/2015;88;47.27
6;V00979;ENTRAINEMENT;KIT DE DISTRIBUTION AVEC POMPE A EAU;95450;VIGNY;24/07/2017;69.16;30.08
2;V00885;VITRAGE;DIVERS VITRAGE 0;78500;SARTROUVILLE;23/05/2016;53.84;37.69
1;V01081;FREINAGE;PLAQUETTE;60240;FLEURY;22/03/2016;73.98;42
2;V00788;EQUIPEMENT ATELIER;MATERIEL;78650;BEYNES;23/10/2015;108.46;57.13
8;V00166;DIRECTION, SUSPENSION, TRANSMISSION;ROULEMENT;95650;PUISEUX PONTOISE;14/02/2017;34.54;40.01
7;V00739;FILTRATION;FILTRE A AIR;95000;CERGY;17/02/2016;9.27;25.67
8;V00166;FILTRATION;FILTRE A AIR;95650;PUISEUX PONTOISE;07/07/2017;27.98;28.06
7;V00695;DIVERS;DIVERS 0;95450;CONDECOURT;21/09/2017;14.99;23.08
2;V00819;VITRAGE;DIVERS VITRAGE 0;92190;MEUDON;08/12/2016;121.52;36.96
7;V00739;FREINAGE;PLAQUETTE;95000;CERGY;24/05/2016;31.74;18.34
1;V00638;FILTRATION;FILTRE A HUILE;95840;VILLIERS ADAM;07/05/2015;-44.98;25.66
6;V00659;VITRAGE;ABRASIF, MASQUAGE;95810;EPIAIS RHUS;10/11/2017;32.21;25.33
8;V00290;COMPTABILITE;DIVERS COMPTABILITE;92238;GENNEVILLIERS;06/01/2017;545.23;100
1;V00638;VITRAGE;DIVERS VITRAGE 0;95840;VILLIERS ADAM;27/08/2015;490.86;47.27
6;V00979;FILTRATION;FILTRE A HUILE;95450;VIGNY;04/09/2017;22.11;29.53
8;V01009;MOTEUR;INJECTEUR, CARBURATEUR;78130;LES MUREAUX;02/07/2015;-100.80;43.75
1;V00937;ELECTRICITE;CAPTEURS, SONDES;95310;ST OUEN L AUMONE;25/05/2016;163.32;9.72
5;V00411;ELECTRICITE;CAPTEURS, SONDES;;;28/01/2016;29.47;23.55
6;V00752;FILTRATION;FILTRE A HUILE;95450;VIGNY;13/01/2016;-6;25.67
1;V00178;EQUIPEMENT ATELIER;OUTILLAGE;95280;JOUY LE MOUTIER;17/01/2015;83.99;50.99
7;V00460;FILTRATION;FILTRE A AIR;95000;CERGY;23/02/2017;10.13;28.83
5;V00424;ENTRAINEMENT;POMPE A EAU;;;15/04/2015;51.36;36.66
1;V01122;ECHAPPEMENT;TUBE, SILENCIEUX;95310;ST OUEN L AUMONE;19/03/2016;29.93;38.69
5;V00411;EQUIPEMENT ATELIER;OUTILLAGE;;;19/03/2015;19.34;28.39
8;V00166;EQUIPEMENT ATELIER;CONSOMABLE;95650;PUISEUX PONTOISE;08/09/2016;1.59;8.81
6;V00752;DIVERS;POIDS LOURD;95450;VIGNY;22/01/2016;22.40;25
5;V00411;ENTRAINEMENT;GALET, POULIE, DAMPER;;;07/11/2017;37.11;32.74
8;V00166;ECLAIRAGE;PHARE, FEU ARRIERE, CLIGNOTANT;95650;PUISEUX PONTOISE;07/11/2017;88.66;20.05
7;V00739;FREINAGE;PLAQUETTE;95000;CERGY;15/03/2017;35.93;23.99
8;V00166;ENTRAINEMENT;COURROIES;95650;PUISEUX PONTOISE;14/01/2017;14.73;48.27
5;V00411;ENTRAINEMENT;KIT DE DISTRIBUTION AVEC POMPE A EAU;;;16/03/2016;209.44;40.49
5;V00956;FREINAGE;FLEXIBLE DE FREIN;;;24/10/2016;6.40;20
2;V00807;VITRAGE;DIVERS VITRAGE 0;95650;BOISSY L AILLERIE;19/10/2015;45.18;32.29
1;V00177;FILTRATION;FILTRE A HUILE;95280;JOUY LE MOUTIER;28/11/2016;8.45;25.68
7;V00676;ENTRAINEMENT;DIVERS ENTRAINEMENT 0;95520;OSNY;18/10/2017;51.30;28.58
6;V00331;FILTRATION;FILTRE A AIR;95640;MARINES;10/08/2016;9.76;29.41
1;V01122;EQUIPEMENT ATELIER;CONSOMABLE;95310;ST OUEN L AUMONE;24/10/2017;71.01;37.78
8;V00290;COMPTABILITE;DIVERS COMPTABILITE;92238;GENNEVILLIERS;07/11/2016;380.84;100
1;V00330;ACCESSOIRE AUTO, PRODUIT ENTRETIEN;ESSUIE GLACES;95015;CERGY PONTOISE;30/11/2017;28.44;36.67
7;V01044;ELECTRICITE;POMPE CARBURANT, HUILE, LAVE GLACE;95480;PIERRELAYE;05/10/2016;134.40;43.75
8;V00166;ACCESSOIRE AUTO, PRODUIT ENTRETIEN;ESSUIE GLACES;95650;PUISEUX PONTOISE;30/06/2015;21.16;19.19
5;V01259;ELECTRICITE;CAPTEURS, SONDES;.;.;27/12/2017;4.50;38.22
6;V00979;FILTRATION;FILTRE HABITACLE;95450;VIGNY;07/11/2016;7.08;29.38
1;V00074;FILTRATION;FILTRE A CARBURANT;95250;BEAUCHAMP;28/10/2015;9.17;25.63
5;V00411;ELECTRICITE;BATTERIE;;;11/04/2016;64.72;38.18
1;V01081;FILTRATION;FILTRE A AIR;60240;FLEURY;08/08/2017;11.30;31.33
5;V00411;LIQUIDE;LIQUIDE DE FREIN;;;16/06/2015;3.57;52.38
7;V01044;ENTRAINEMENT;POMPE A EAU;95480;PIERRELAYE;02/12/2015;65.82;34.49
7;V00676;DIVERS;BAGUE, JOINT;95520;OSNY;25/01/2017;9.56;88.60
7;V00688;FILTRATION;FILTRE A HUILE;;;25/04/2016;6.94;25.79
6;V00752;FILTRATION;FILTRE A HUILE;95450;VIGNY;02/02/2016;15.22;25.69
8;V00968;ELECTRICITE;BOUGIE D'ALLUMAGE;95310;ST OUEN L AUMONE;03/11/2015;10.49;32.70
7;V00739;DIRECTION, SUSPENSION, TRANSMISSION;ROULEMENT;95000;CERGY;12/06/2017;80.21;34.81
6;V00979;COMPTABILITE;CONSIGNE;95450;VIGNY;16/10/2015;45.73;0
1;V00638;FILTRATION;FILTRE HABITACLE;95840;VILLIERS ADAM;21/05/2015;-33.61;29.34
5;V00411;26;;;;04/02/2015;4.56;28.51
7;V00695;ACCESSOIRE AUTO, PRODUIT ENTRETIEN;DIVERS ACCESSOIRES, ENTRETIEN;95450;CONDECOURT;11/02/2016;34.57;27.77
1;V00178;EQUIPEMENT ATELIER;OUTILLAGE;95280;JOUY LE MOUTIER;26/05/2015;-37.02;65.80
5;V00513;DIVERS;DIVERS 0;95;;28/04/2015;10.96;41.88
1;V00179;FILTRATION;FILTRE A HUILE;78700;CONFLANS ST HONORINE;16/02/2015;2.92;25.68
1;V01201;FREINAGE;DISQUE;95520;OSNY;21/06/2017;120.42;35.56
8;V01068;EQUIPEMENT ATELIER;MATERIEL;95004;CERGY PONTOISE CEDEX;10/01/2017;40.66;9.10
7;V00739;ACCESSOIRE AUTO, PRODUIT ENTRETIEN;ESSUIE GLACES;95000;CERGY;09/03/2017;24.16;19.16
7;V00465;INDEFINI;INDEFINI;95520;OSNY;19/05/2017;-45;0
1;V01201;DIRECTION, SUSPENSION, TRANSMISSION;BUTEE, SEMELLE, COUPELLE, KIT DE PROTECTION;95520;OSNY;02/10/2017;16.04;32.29
7;V00714;EQUIPEMENT ATELIER;OUTILLAGE;95520;OSNY;20/11/2017;79.79;33.32
5;V00413;ESSUYAGE;;95610;ERAGNY;19/02/2015;27.24;31.64
5;V00411;EQUIPEMENT ATELIER;MATERIEL;;;30/04/2015;3.60;55
1;V00594;VITRAGE;DIVERS VITRAGE 0;95480;PIERRELAYE;07/12/2016;18.78;33.33
5;V00559;EQUIPEMENT ATELIER;CONSOMABLE;60119;HENONVILLE;20/10/2016;5.90;27.80
1;V01145;ECHAPPEMENT;TUBE, SILENCIEUX;95840;VILLIERS ADAM;06/07/2016;36.50;-59.97
7;V00740;FILTRATION;FILTRE A AIR;95300;ENNERY;20/09/2016;-10.95;25.66
5;V00484;LIQUIDE;LIQUIDE DE REFROIDISSEMENT;;;18/02/2015;24.13;37.88
7;V00676;ELECTRICITE;RELAIS, FUSIBLE, FAISCEAU, CONTACTEUR;95520;OSNY;11/12/2017;35.94;33.33
7;V01148;FILTRATION;FILTRE A AIR;60240;MONTJAVOULT;16/11/2017;15.38;31.34
2;V00766;EQUIPEMENT ATELIER;EPI;93120;LA COURNEUVE;22/03/2017;9.33;28.83
1;V00746;VITRAGE;PEINTURE, VERNIS, DURCISSEUR, PPS;60730;ULLY ST GEORGES;07/07/2015;369.80;49.20
5;V00411;FREINAGE;PLAQUETTE;;;08/10/2015;97.86;44.10
5;V00411;EMBRAYAGE;KIT EMBRAYAGE;;;09/11/2016;78.38;30.01
6;V00979;DIRECTION, SUSPENSION, TRANSMISSION;ROTULE, BIELLETTE, TRIANGLE, SILENTBLOC;95450;VIGNY;05/10/2017;123.60;46.67
8;V00968;FILTRATION;FILTRE A AIR;95310;ST OUEN L AUMONE;11/08/2017;23.68;27.70
1;V00937;PNEUS;PNEUS;95310;ST OUEN L AUMONE;28/10/2015;61.10;18.46
7;V00740;LIQUIDE;HUILE DE BOITE;95300;ENNERY;22/09/2017;-83.65;40.54
5;V00411;FILTRATION;FILTRE HABITACLE;;;06/12/2017;54.99;31.31
7;V00464;FILTRATION;FILTRE A CARBURANT;95301;PONTOISE;18/12/2017;21.44;29.57
1;V00358;EQUIPEMENT ATELIER;OUTILLAGE;;;30/11/2017;143.65;11.76
1;V00074;FILTRATION;FILTRE A AIR;95250;BEAUCHAMP;02/03/2017;31.63;25.67
7;V00739;ECHAPPEMENT;TUBE, SILENCIEUX;95000;CERGY;01/03/2017;72;37.83
1;V00937;ECLAIRAGE;LAMPE, AMPOULE, AMPOULE PHARE;95310;ST OUEN L AUMONE;13/05/2016;37.80;53.33
7;V00696;ACCESSOIRE AUTO, PRODUIT ENTRETIEN;DIVERS ACCESSOIRES, ENTRETIEN;95340;PERSAN;01/12/2015;72;30
8;V00572;EQUIPEMENT ATELIER;CONSOMABLE;95650;PUISEUX PONTOISE;05/02/2016;10.94;33.36
5;V00411;FILTRATION;FILTRE HABITACLE;;;03/11/2016;23.93;36.27
5;V00484;FILTRATION;FILTRE A HUILE;;;18/02/2015;7.04;25.71
5;V00413;EQUIPEMENT ATELIER;OUTILLAGE;95610;ERAGNY;09/02/2017;11.62;13.34
7;V00740;FREINAGE;PLAQUETTE;95300;ENNERY;30/09/2015;130.79;38.95
1;V00633;VITRAGE;PEINTURE, VERNIS, DURCISSEUR, PPS;95150;TAVERNY;24/06/2015;275.18;50.98
1;V00330;DIRECTION, SUSPENSION, TRANSMISSION;TRANSMISSION;95015;CERGY PONTOISE;13/07/2016;159.66;34.48
1;V01201;LIQUIDE;HUILE MOTEUR;95520;OSNY;09/05/2017;75;21.65
1;V00181;FILTRATION;FILTRE HABITACLE;95320;SAINT LEU LA FORET;12/07/2017;23.33;31.29
5;V01285;ACCESSOIRE AUTO, PRODUIT ENTRETIEN;ESSUIE GLACES;95490;VAUREAL;28/12/2017;28.74;36.67
5;V00411;ELECTRICITE;CAPTEURS, SONDES;;;15/07/2016;18.48;38.15
1;V00716;ECLAIRAGE;LAMPE, AMPOULE, AMPOULE PHARE;95480;PIERRELAYE;27/10/2017;39;54.87
7;V00739;FILTRATION;FILTRE A CARBURANT;95000;CERGY;15/12/2016;33.22;21.76
5;V00411;DIRECTION, SUSPENSION, TRANSMISSION;ROTULE, BIELLETTE, TRIANGLE, SILENTBLOC;;;18/02/2015;124.74;43.05
5;V00411;FREINAGE;DISQUE;;;30/06/2015;86;42
1;V01134;FILTRATION;FILTRE A CARBURANT;95650;PUISEUX PONTOISE;29/02/2016;22.81;25.65
5;V00352;FILTRATION;FILTRE A CARBURANT;95450;SAGY;04/11/2015;26.93;38.02
1;V00425;ELECTRICITE;BATTERIE;95310;ST OUEN L'AUMONE;16/03/2017;383.50;24.90
1;V00074;FILTRATION;FILTRE A HUILE;95250;BEAUCHAMP;10/09/2015;3.49;25.79
8;V00166;ACCESSOIRE AUTO, PRODUIT ENTRETIEN;DIVERS ACCESSOIRES, ENTRETIEN;95650;PUISEUX PONTOISE;27/05/2015;22.40;50
5;V00110;FILTRATION;FILTRE A CARBURANT;95450;US;04/01/2016;21.34;38.05
1;V00937;FREINAGE;PLAQUETTE;95310;ST OUEN L AUMONE;12/11/2015;82.13;41.99
2;V00824;ACCESSOIRE AUTO, PRODUIT ENTRETIEN;DIVERS ACCESSOIRES, ENTRETIEN;91470;LIMOURS;06/05/2015;25.13;59.41
1;V00330;VITRAGE;DIVERS VITRAGE 0;95015;CERGY PONTOISE;23/02/2016;57.92;30.87
7;V00676;FILTRATION;FILTRE A AIR;95520;OSNY;28/04/2015;10.87;29.35
5;V00411;ENTRAINEMENT;GALET, POULIE, DAMPER;;;19/05/2017;47.04;37.86
1;V00358;EMBRAYAGE;KIT EMBRAYAGE;;;25/07/2015;125.40;40
8;V00400;ENTRAINEMENT;POMPE A EAU;95;MONTIGNY L/CORMEILLE;23/01/2016;15.48;9.11
1;V00255;VITRAGE;ABRASIF, MASQUAGE;95150;TAVERNY;24/04/2015;94.60;51.12
5;V00411;LIQUIDE;LIQUIDE DE FREIN;;;04/09/2015;5.70;47.37
2;V00843;VITRAGE;DIVERS VITRAGE 0;78260;ACHERES;19/09/2016;42.56;58.58
2;V00817;VITRAGE;PARE BRISE, LUNETTE;93200;SAINT-DENIS;04/02/2015;48.30;40.37
5;V00411;ELECTRICITE;BOUGIE DE PRECHAUFFAGE;;;03/10/2016;126.49;33.62
8;V00166;ECLAIRAGE;PHARE, FEU ARRIERE, CLIGNOTANT;95650;PUISEUX PONTOISE;12/02/2015;15.40;40.26
6;V00979;ENTRAINEMENT;POMPE A EAU;95450;VIGNY;21/04/2015;59.75;41.82
7;V00676;ENTRAINEMENT;GALET, POULIE, DAMPER;95520;OSNY;20/07/2016;151.73;36.21
8;V00166;ENTRAINEMENT;COURROIES;95650;PUISEUX PONTOISE;26/11/2016;13.14;48.33
1;V00937;FILTRATION;FILTRE A CARBURANT;95310;ST OUEN L AUMONE;03/11/2017;19.50;29.54
2;V00766;VITRAGE;ABRASIF, MASQUAGE;93120;LA COURNEUVE;20/12/2017;95.74;36.75
5;V00960;FILTRATION;FILTRE A CARBURANT;;;23/02/2016;26.94;25.65
7;V00739;FILTRATION;FILTRE A AIR;95000;CERGY;14/10/2015;29.26;25.67
5;V00411;LIQUIDE;LIQUIDE DE REFROIDISSEMENT;;;20/05/2016;9.92;24.40
2;V00803;VITRAGE;DIVERS VITRAGE 0;78380;BOUGIVAL;20/11/2017;133.35;41.24
5;V00424;ELECTRICITE;BATTERIE;;;01/09/2016;51.75;32
1;V00074;EQUIPEMENT ATELIER;MATERIEL;95250;BEAUCHAMP;22/01/2016;27.20;31.25
8;V00718;FILTRATION;FILTRE A HUILE;.;.;03/08/2017;4.79;9.19
5;V00411;LIQUIDE;HUILE MOTEUR;;;04/03/2016;78.65;39.20
1;V00358;LIQUIDE;HUILE MOTEUR;;;08/06/2016;26.21;37.89
7;V00695;FILTRATION;FILTRE A AIR;95450;CONDECOURT;09/07/2015;10.92;29.40
8;V01009;LIQUIDE;HUILE MOTEUR;78130;LES MUREAUX;27/07/2016;56.77;37.89
1;V00937;FREINAGE;DISQUE;95310;ST OUEN L AUMONE;07/04/2015;121.71;42
2;V00803;VITRAGE;ABRASIF, MASQUAGE;78380;BOUGIVAL;12/10/2015;37.78;18.87
5;V00411;27;;;;24/02/2015;33.67;34.75
5;V00411;ACCESSOIRE AUTO, PRODUIT ENTRETIEN;PLAQUE D'IMMATRICULATION;;;04/07/2015;9;52.22
8;V00572;27;;95650;PUISEUX PONTOISE;07/01/2015;21.94;16.36
8;V00572;ELECTRICITE;BATTERIE;95650;PUISEUX PONTOISE;14/11/2015;54.07;24.45
5;V00411;ENTRAINEMENT;KIT DE DISTRIBUTION, ACCESSOIRES;;;23/06/2015;89.48;24.01
1;V01193;EQUIPEMENT ATELIER;CONSOMABLE;78700;CONFLANS STE HONORINE;01/08/2017;155.36;30
7;V00464;DIVERS;DIVERS 0;95301;PONTOISE;15/03/2016;381.14;26.09
5;V00513;DIRECTION, SUSPENSION, TRANSMISSION;ROTULE, BIELLETTE, TRIANGLE, SILENTBLOC;95;;22/12/2015;29;42
1;V00937;FREINAGE;PLAQUETTE;95310;ST OUEN L AUMONE;28/06/2016;-26.10;41.99
6;V00289;DIVERS;BAGUE, JOINT;;;09/03/2016;7.64;33.90
7;V00740;FILTRATION;FILTRE A AIR;95300;ENNERY;06/09/2016;-20.43;25.65
1;V00633;LIQUIDE;HUILE MOTEUR;95150;TAVERNY;08/02/2017;172.29;20.95
1;V00330;FILTRATION;FILTRE A AIR;95015;CERGY PONTOISE;26/01/2017;10.13;29.32
6;V00331;FILTRATION;FILTRE A AIR;95640;MARINES;29/05/2017;23.28;31.31
8;V00166;FREINAGE;DISQUE;95650;PUISEUX PONTOISE;09/02/2016;40;27.50
2;V01087;VITRAGE;PEINTURE, VERNIS, DURCISSEUR, PPS;78310;COIGNIERES;04/05/2016;24.04;21.96
6;V00331;EQUIPEMENT ATELIER;OUTILLAGE;95640;MARINES;18/02/2015;46.20;21.43
5;V00411;EMBRAYAGE;KIT EMBRAYAGE AVEC VOLANT MOTEUR;;;20/03/2017;-419.30;32.86
8;V01068;EQUIPEMENT ATELIER;MATERIEL;95004;CERGY PONTOISE CEDEX;25/02/2017;21.60;9.07
2;V00843;VITRAGE;DIVERS VITRAGE 0;78260;ACHERES;06/01/2017;37.91;59.96
2;V00811;VITRAGE;DIVERS VITRAGE 0;93210;LA PLAINE ST DENIS;12/10/2016;114.50;49.52
7;V00728;ACCESSOIRE AUTO, PRODUIT ENTRETIEN;PLAQUE D'IMMATRICULATION;95650;PUISEUX PONTOISE;10/06/2015;18;52.22
7;V00676;VITRAGE;DIVERS VITRAGE 0;95520;OSNY;06/05/2017;35.13;22.37
5;V00411;ACCESSOIRE AUTO, PRODUIT ENTRETIEN;PLAQUE D'IMMATRICULATION;;;21/04/2016;33;47.88
5;V00559;ACCESSOIRE AUTO, PRODUIT ENTRETIEN;ESSUIE GLACES;60119;HENONVILLE;12/07/2016;37.10;23.99
5;V00411;FILTRATION;FILTRE A AIR;;;09/01/2016;37.70;29.39
1;V00633;ACCESSOIRE AUTO, PRODUIT ENTRETIEN;ESSUIE GLACES;95150;TAVERNY;13/01/2017;6.18;36.73
7;V00465;ELECTRICITE;DIVERS ELECTRICITE 0;95520;OSNY;31/07/2015;23.10;42.86
5;V00430;DIRECTION, SUSPENSION, TRANSMISSION;ROTULE, BIELLETTE, TRIANGLE, SILENTBLOC;;;19/12/2015;19.10;41.99
7;V00688;ENTRAINEMENT;POMPE A EAU;;;20/02/2015;122.18;34.48
1;V01168;VITRAGE;PEINTURE, VERNIS, DURCISSEUR, PPS;60230;CHAMBLY;18/11/2016;632.29;35.71
6;V00979;ELECTRICITE;BATTERIE;95450;VIGNY;07/07/2016;120.33;52.84
1;V00624;ACCESSOIRE AUTO, PRODUIT ENTRETIEN;DIVERS ACCESSOIRES, ENTRETIEN;95310;ST OUEN L AUMONE;17/09/2015;10.34;37.52
2;V00822;EQUIPEMENT ATELIER;CONSOMABLE;95150;TAVERNY;01/12/2016;11.08;39.26
1;V00937;DIVERS;DIVERS 0;95310;ST OUEN L AUMONE;04/10/2016;-16.66;58.34
5;V00956;ELECTRICITE;BOUGIE DE PRECHAUFFAGE;;;16/11/2015;41.63;19.99
2;V00817;VITRAGE;DIVERS VITRAGE 0;93200;SAINT-DENIS;09/07/2015;22.36;42.49
6;V00752;FILTRATION;FILTRE A HUILE;95450;VIGNY;10/03/2015;0,63;25.40
7;V00676;ENTRAINEMENT;COURROIES;95520;OSNY;18/06/2015;16.73;48.24
8;V00572;EQUIPEMENT ATELIER;OUTILLAGE;95650;PUISEUX PONTOISE;24/11/2015;39.86;8.33
6;V00979;ELECTRICITE;CAPTEURS, SONDES;95450;VIGNY;21/09/2017;34.14;38.14
1;V00633;FILTRATION;FILTRE A HUILE;95150;TAVERNY;17/05/2017;6.78;29.50
2;V00823;EQUIPEMENT ATELIER;MATERIEL;78800;HOUILLES;19/04/2016;29.95;76.83
2;V00785;VITRAGE;DIVERS VITRAGE 0;78920;ECQUEVILLY;17/04/2015;136.32;20.95
8;V00968;FREINAGE;DISQUE;95310;ST OUEN L AUMONE;16/05/2017;40;27.50
5;V00411;CONSOMMABLE MECANIQUE;ESSUIE GLACES;;;03/02/2015;55.43;34.84
5;V00411;LIQUIDE;HUILE MOTEUR;;;16/01/2017;92.35;39.71
1;V00043;FILTRATION;FILTRE HABITACLE;95150;TAVERNY;18/11/2016;11.34;29.37
1;V00074;DIRECTION, SUSPENSION, TRANSMISSION;ROTULE, BIELLETTE, TRIANGLE, SILENTBLOC;95250;BEAUCHAMP;10/03/2015;59.94;51.67
5;V00411;FILTRATION;FILTRE A AIR;;;29/04/2015;76.67;37.05
1;V00074;FREINAGE;PLAQUETTE;95250;BEAUCHAMP;19/12/2016;26.96;12.50
6;V00188;MOTEUR;DIVERS MOTEUR;27620;GASNY;26/04/2017;139.08;18.75
8;V00166;FILTRATION;FILTRE A HUILE;95650;PUISEUX PONTOISE;06/01/2016;11.40;21.75
8;V01009;DIRECTION, SUSPENSION, TRANSMISSION;ROULEMENT;78130;LES MUREAUX;03/02/2016;61.02;30.78
7;V00739;ACCESSOIRE AUTO, PRODUIT ENTRETIEN;ESSUIE GLACES;95000;CERGY;26/07/2016;8.41;19.14
8;V00968;EQUIPEMENT ATELIER;OUTILLAGE;95310;ST OUEN L AUMONE;06/12/2017;81.60;26.67
7;V00695;FILTRATION;FILTRE HABITACLE;95450;CONDECOURT;06/07/2015;13.72;29.37
8;V00166;FREINAGE;PLAQUETTE;95650;PUISEUX PONTOISE;05/09/2017;21;27.48
7;V00739;ELECTRICITE;BATTERIE;95000;CERGY;27/07/2017;51.13;16
2;V00784;DIVERS;DIVERS 0;78580;MAULE;26/10/2017;8.18;13.69
2;V00150;VITRAGE;PEINTURE, VERNIS, DURCISSEUR, PPS;95310;SAINT OUEN L'AUMONE;03/06/2016;173.12;52.18
8;V00572;ECLAIRAGE;LAMPE, AMPOULE, AMPOULE PHARE;95650;PUISEUX PONTOISE;13/04/2016;14.76;46.21
1;V00636;FILTRATION;FILTRE A HUILE;95310;ST OUEN L AUMONE;07/09/2015;5.10;25.69
5;V00411;ELECTRICITE;;;;03/04/2015;0;0
7;V01148;EQUIPEMENT ATELIER;OUTILLAGE;60240;MONTJAVOULT;11/12/2017;84.55;23.52
5;V00431;ELECTRICITE;BOUGIE D'ALLUMAGE;;;09/03/2017;10.65;32.77
7;V00676;FILTRATION;FILTRE A CARBURANT;95520;OSNY;10/07/2015;-65.30;25.67
7;V00740;FILTRATION;FILTRE A CARBURANT;95300;ENNERY;23/02/2017;46.31;21.74
7;V00739;ACCESSOIRE AUTO, PRODUIT ENTRETIEN;ESSUIE GLACES;95000;CERGY;13/11/2017;9.35;19.14
8;V01009;VITRAGE;ABRASIF, MASQUAGE;78130;LES MUREAUX;27/04/2016;14.01;41.68
6;V00331;FILTRATION;FILTRE A AIR;95640;MARINES;28/07/2017;10.57;31.32
8;V00166;FREINAGE;PLAQUETTE;95650;PUISEUX PONTOISE;18/12/2015;128.31;27.50
1;V00105;COMPTABILITE;CONSIGNE;95320;SAINT LEU LA FORET;29/06/2017;15.24;0
5;V00411;EQUIPEMENT ATELIER;OUTILLAGE;;;13/09/2016;57.70;25.91
5;V00411;ELECTRICITE;BOUGIE D'ALLUMAGE;;;08/09/2015;12.58;43.08
5;V00411;DIVERS;DIVERS 0;;;24/08/2015;568.82;25.07
5;V00411;FILTRATION;FILTRE A CARBURANT;;;06/07/2017;103.74;32.49
8;V00968;DIRECTION, SUSPENSION, TRANSMISSION;ROTULE, BIELLETTE, TRIANGLE, SILENTBLOC;95310;ST OUEN L AUMONE;28/04/2016;101.48;47.27
5;V00411;LIQUIDE;HUILE MOTEUR;;;09/05/2016;42.45;41.84
1;V00638;ENTRAINEMENT;COURROIES;95840;VILLIERS ADAM;30/10/2015;-11.70;50
5;V00411;EQUIPEMENT ATELIER;OUTILLAGE;;;25/01/2016;9.82;37.47
1;V00358;LIQUIDE;HUILE MOTEUR;;;20/01/2017;18.92;37.90
8;V00968;ACCESSOIRE AUTO, PRODUIT ENTRETIEN;PLAQUE D'IMMATRICULATION;95310;ST OUEN L AUMONE;11/10/2016;18;52.22
1;V00358;ELECTRICITE;BOBINE;;;01/12/2015;80.73;43.02
5;V00411;FILTRATION;FILTRE A HUILE;;;10/12/2015;12.07;25.68
5;V01010;ELECTRICITE;BATTERIE;95800;COURDIMANCHE;12/01/2017;60.25;43.34
1;V00253;ENTRAINEMENT;COURROIES;95310;SAINT-OUEN L'AUMONE;01/03/2017;-11.97;49.96
6;V00228;ECLAIRAGE;LAMPE, AMPOULE, AMPOULE PHARE;95300;ENNERY;09/11/2017;8.70;59.77
1;V01145;ENTRAINEMENT;COURROIES;95840;VILLIERS ADAM;29/06/2016;13.74;59.53
7;V00740;FILTRATION;FILTRE A CARBURANT;95300;ENNERY;04/05/2015;22.81;25.65
5;V00411;ACCESSOIRE AUTO, PRODUIT ENTRETIEN;DIVERS ACCESSOIRES, ENTRETIEN;;;22/07/2016;77.88;33.12
8;V00166;FREINAGE;PLAQUETTE;95650;PUISEUX PONTOISE;22/09/2017;24.72;27.51
6;V00979;FILTRATION;FILTRE HABITACLE;95450;VIGNY;30/06/2017;-14;31.29
5;V01232;ACCESSOIRE AUTO, PRODUIT ENTRETIEN;ESSUIE GLACES;;;27/11/2017;5.94;36.70
1;V00208;EQUIPEMENT ATELIER;OUTILLAGE;78700;CONFLANS STE HONORIN;17/01/2017;3.90;22.05
8;V00098;VITRAGE;ABRASIF, MASQUAGE;78700;CONFLANS STE HONORINE;22/05/2015;20.51;2.93
7;V00460;ACCESSOIRE AUTO, PRODUIT ENTRETIEN;DIVERS ACCESSOIRES, ENTRETIEN;95000;CERGY;04/04/2016;57.95;35.05
5;V00411;MOTEUR;DIVERS MOTEUR;;;25/03/2017;127.25;34.12
7;V00676;ACCESSOIRE AUTO, PRODUIT ENTRETIEN;DIVERS ACCESSOIRES, ENTRETIEN;95520;OSNY;15/05/2015;37.23;41.18
7;V00739;FILTRATION;FILTRE A AIR;95000;CERGY;08/08/2017;21.97;27.67
7;V00739;FREINAGE;PLAQUETTE;95000;CERGY;17/10/2016;19.28;27.49
8;V00968;FILTRATION;FILTRE A CARBURANT;95310;ST OUEN L AUMONE;18/03/2016;50.44;21.73
5;V00430;FILTRATION;FILTRE A CARBURANT;;;22/09/2017;18.70;34.55
7;V00739;COMPTABILITE;CONSIGNE;95000;CERGY;23/05/2017;40;0
5;V00411;ECLAIRAGE;LAMPE, AMPOULE, AMPOULE PHARE;;;30/04/2015;4.57;54.27
1;V00330;EQUIPEMENT ATELIER;OUTILLAGE;95015;CERGY PONTOISE;31/08/2016;122;12.65
8;V00968;DIRECTION, SUSPENSION, TRANSMISSION;ROTULE, BIELLETTE, TRIANGLE, SILENTBLOC;95310;ST OUEN L AUMONE;26/12/2017;193.83;41.83
7;V00739;FILTRATION;FILTRE HABITACLE;95000;CERGY;12/05/2015;16.47;35.09
5;V00559;CONSOMMABLE CARROSSERIE;PEINTURE, VERNIS, DURCISSEUR;60119;HENONVILLE;19/02/2015;10.58;38.28
7;V01044;LIQUIDE;HUILE MOTEUR;95480;PIERRELAYE;17/12/2015;26.59;45.66
7;V01115;COMPTABILITE;CONSIGNE;95520;OSNY;18/10/2017;-83.34;40
5;V00411;EQUIPEMENT ATELIER;CONSOMABLE;;;09/06/2017;88.47;33.99
1;V00716;VITRAGE;DIVERS VITRAGE 0;95480;PIERRELAYE;05/12/2017;48;65.08
1;V01075;EQUIPEMENT ATELIER;MATERIEL;95310;ST OUEN L AUMONE;01/04/2015;5.14;50
8;V00166;FILTRATION;FILTRE A HUILE;95650;PUISEUX PONTOISE;03/12/2016;5.89;21.73
1;V01122;VITRAGE;DIVERS VITRAGE 0;95310;ST OUEN L AUMONE;27/07/2016;133.61;30.01
5;V00411;DIRECTION, SUSPENSION, TRANSMISSION;ROULEMENT;;;06/06/2017;17.27;40.01
8;V00166;FILTRATION;FILTRE HABITACLE;95650;PUISEUX PONTOISE;22/04/2016;9.05;25.64
7;V00676;LIQUIDE;HUILE MOTEUR;95520;OSNY;25/07/2015;22.57;37.88
2;V00785;VITRAGE;DIVERS VITRAGE 0;78920;ECQUEVILLY;23/05/2017;325.94;23.31
5;V00411;VITRAGE;DIVERS VITRAGE 0;;;09/02/2017;4.23;8.27
2;V00861;DIVERS;DIVERS 0;93210;LA PLAINE ST DENIS;05/04/2016;-252.93;0
2;V00903;ACCESSOIRE AUTO, PRODUIT ENTRETIEN;DIVERS ACCESSOIRES, ENTRETIEN;78500;SARTROUVILLE;19/07/2016;8.25;38.18
7;V00740;FREINAGE;HYDRAULIQUE, MAITRE, CYLINDRE, CORRECTEUR, SERVO..;95300;ENNERY;22/09/2016;24.45;43.11
5;V00411;FILTRATION;FILTRE A HUILE;;;08/03/2016;7.84;38.01
8;V00166;EMBRAYAGE;KIT EMBRAYAGE;95650;PUISEUX PONTOISE;20/03/2017;69.55;26
8;V00166;FILTRATION;FILTRE A HUILE;95650;PUISEUX PONTOISE;22/01/2015;6.38;25.71
2;V00800;EQUIPEMENT ATELIER;MATERIEL;78360;MONTESSON;20/02/2017;24.39;48.18
1;V01081;LIQUIDE;HUILE MOTEUR;60240;FLEURY;22/05/2015;22.57;37.88
7;V01044;FILTRATION;FILTRE A AIR;95480;PIERRELAYE;02/11/2017;20.62;27.69
5;V00411;ECHAPPEMENT;FILTRE A PARTICULES;;;29/12/2015;46.08;29.99
8;V00166;VITRAGE;DIVERS VITRAGE 0;95650;PUISEUX PONTOISE;23/02/2017;11.22;22.46
1;V00177;ACCESSOIRE AUTO, PRODUIT ENTRETIEN;DIVERS ACCESSOIRES, ENTRETIEN;95280;JOUY LE MOUTIER;04/07/2017;37.63;27.35
8;V01009;FILTRATION;FILTRE HABITACLE;78130;LES MUREAUX;26/08/2015;24.68;25.65
8;V00166;ECHAPPEMENT;ACCESSOIRES DE MONTAGE;95650;PUISEUX PONTOISE;27/11/2017;31.32;57.41
8;V00968;ELECTRICITE;POMPE CARBURANT, HUILE, LAVE GLACE;95310;ST OUEN L AUMONE;05/12/2017;20;48.75
8;V01009;ELECTRICITE;CAPTEURS, SONDES;78130;LES MUREAUX;26/06/2017;40.32;46.25
1;V00208;VITRAGE;PEINTURE, VERNIS, DURCISSEUR, PPS;78700;CONFLANS STE HONORIN;29/03/2017;94.20;48.78
1;V00937;EQUIPEMENT ATELIER;CONSOMABLE;95310;ST OUEN L AUMONE;26/01/2016;14;40
1;V00074;FILTRATION;FILTRE HABITACLE;95250;BEAUCHAMP;05/01/2016;12.15;29.38
1;V00358;ECHAPPEMENT;ACCESSOIRES DE MONTAGE;;;07/03/2017;0;0
1;V01114;DIRECTION, SUSPENSION, TRANSMISSION;ROTULE, BIELLETTE, TRIANGLE, SILENTBLOC;95520;OSNY;10/08/2016;11.10;46.67
7;V00676;FILTRATION;FILTRE A HUILE;95520;OSNY;23/05/2016;7.17;21.76
6;V00979;FREINAGE;TEMOIN D'USURE;95450;VIGNY;03/04/2015;28.82;54.27
5;V01080;ACCESSOIRE AUTO, PRODUIT ENTRETIEN;PLAQUE D'IMMATRICULATION;60119;HENONVILLE;18/07/2017;30;42.67
7;V00739;ACCESSOIRE AUTO, PRODUIT ENTRETIEN;ESSUIE GLACES;95000;CERGY;22/12/2016;23.83;19.14
7;V00643;DIVERS;DIVERS 0;95300;HEROUVILLE;13/11/2015;83;100
8;V01180;PNEUS;PNEUS;95650;PUISEUX PONTOISE;20/09/2017;290.07;0
7;V00676;ACCESSOIRE AUTO, PRODUIT ENTRETIEN;ESSUIE GLACES;95520;OSNY;06/03/2017;-36.80;24.02
5;V00411;LIQUIDE;ADBLUE;;;02/08/2017;18.33;47.63
5;V00411;DIVERS;BAGUE, JOINT;;;07/09/2017;46.05;26.71
2;V00827;VITRAGE;DIVERS VITRAGE 0;91470;LIMOURS;14/02/2017;149.76;60.61
8;V00968;FREINAGE;PLAQUETTE;95310;ST OUEN L AUMONE;16/02/2015;139.37;27.49
1;V00208;VITRAGE;PEINTURE, VERNIS, DURCISSEUR, PPS;78700;CONFLANS STE HONORIN;13/12/2016;610.05;37.50
1;V00633;FILTRATION;FILTRE A AIR;95150;TAVERNY;02/03/2017;19.71;29.33
5;V00430;LIQUIDE;LIQUIDE DE REFROIDISSEMENT;;;09/02/2015;18.38;38.79
5;V00411;FILTRATION;FILTRE A CARBURANT;;;24/05/2017;155.19;31.74
8;V00166;ECHAPPEMENT;TUBE, SILENCIEUX;95650;PUISEUX PONTOISE;14/10/2016;143.19;36.55
5;V00411;ELECTRICITE;BOUGIE D'ALLUMAGE;;;23/06/2016;16.76;32.70
8;V00166;ENTRAINEMENT;GALET, POULIE, DAMPER;95650;PUISEUX PONTOISE;22/01/2016;96.21;31.16
8;V00166;DIRECTION, SUSPENSION, TRANSMISSION;ROTULE, BIELLETTE, TRIANGLE, SILENTBLOC;95650;PUISEUX PONTOISE;03/08/2016;-11;47.27
7;V00739;FREINAGE;PLAQUETTE;95000;CERGY;30/05/2016;101.19;26.07
7;V00695;ACCESSOIRE AUTO, PRODUIT ENTRETIEN;ESSUIE GLACES;95450;CONDECOURT;27/01/2016;23.30;23.99
1;V00074;FILTRATION;FILTRE A AIR;95250;BEAUCHAMP;11/02/2015;11.08;29.42
6;V00331;FILTRATION;FILTRE A HUILE;95640;MARINES;20/08/2015;8.33;25.69
5;V00411;FREINAGE;DISQUE;;;03/10/2016;74.09;41.81
8;V00166;ELECTRICITE;RELAIS, FUSIBLE, FAISCEAU, CONTACTEUR;95650;PUISEUX PONTOISE;04/09/2015;32.01;34.55
1;V01122;ECHAPPEMENT;TUBE, SILENCIEUX;95310;ST OUEN L AUMONE;22/03/2016;37.43;38.69
5;V00411;DIRECTION, SUSPENSION, TRANSMISSION;SOUFFLET;;;17/01/2017;19.88;33.35
1;V00624;THERMIQUE;;95310;ST OUEN L AUMONE;21/04/2015;14.76;40.04
8;V00166;DIRECTION, SUSPENSION, TRANSMISSION;BUTEE, SEMELLE, COUPELLE, KIT DE PROTECTION;95650;PUISEUX PONTOISE;23/05/2017;76.06;32.32
7;V01115;FILTRATION;FILTRE HABITACLE;95520;OSNY;04/11/2015;13.70;25.62
6;V00331;DIRECTION, SUSPENSION, TRANSMISSION;ROTULE, BIELLETTE, TRIANGLE, SILENTBLOC;95640;MARINES;11/01/2017;26.57;35.57
5;V01105;VITRAGE;DIVERS VITRAGE 0;.;.;27/11/2017;14.60;22.26
8;V00400;DIRECTION, SUSPENSION, TRANSMISSION;ROULEMENT;95;MONTIGNY L/CORMEILLE;20/09/2017;11.40;9.12
7;V00696;VITRAGE;DIVERS VITRAGE 0;95340;PERSAN;09/05/2016;143.64;34.96
5;V00411;ELECTRICITE;BATTERIE;;;24/06/2015;138.17;40.87
1;V01097;FILTRATION;FILTRE A HUILE;95610;ERAGNY;04/08/2015;10.27;25.61
7;V00695;ENTRAINEMENT;COURROIES;95450;CONDECOURT;06/03/2015;11.94;50
1;V00633;FILTRATION;FILTRE HABITACLE;95150;TAVERNY;20/06/2016;10.88;29.41
8;V00166;DIRECTION, SUSPENSION, TRANSMISSION;ROTULE, BIELLETTE, TRIANGLE, SILENTBLOC;95650;PUISEUX PONTOISE;13/04/2015;50.60;47.27
7;V00739;DIRECTION, SUSPENSION, TRANSMISSION;AMORTISSEUR;95000;CERGY;12/06/2017;85.80;20
7;V00695;ENTRAINEMENT;KIT DE DISTRIBUTION AVEC POMPE A EAU;95450;CONDECOURT;04/01/2017;192.33;31.60
7;V00739;ENTRAINEMENT;POMPE A EAU;95000;CERGY;19/05/2015;18.47;27.29
1;V00074;FREINAGE;PLAQUETTE;95250;BEAUCHAMP;28/10/2015;64.20;41.99
5;V01232;DIVERS;BAGUE, JOINT;;;05/09/2017;49.48;28.33
8;V00968;FILTRATION;FILTRE HABITACLE;95310;ST OUEN L AUMONE;25/08/2017;37.73;27.70
8;V00968;FREINAGE;DISQUE;95310;ST OUEN L AUMONE;02/11/2015;140.07;35.13
1;V00425;EQUIPEMENT ATELIER;MATERIEL;95310;ST OUEN L'AUMONE;18/11/2016;5190;18.77
7;V00714;13;;95520;OSNY;24/03/2015;34.87;26.76
5;V00424;FILTRATION;FILTRE HABITACLE;;;24/06/2017;-2.05;31.22
7;V00739;FILTRATION;FILTRE A CARBURANT;95000;CERGY;13/11/2015;27.54;21.75
6;V00979;FILTRATION;FILTRE A AIR;95450;VIGNY;27/03/2015;9.52;29.41
7;V00739;ECHAPPEMENT;TUBE, SILENCIEUX;95000;CERGY;16/10/2017;168.65;35.22
8;V01009;FREINAGE;PLAQUETTE;78130;LES MUREAUX;05/07/2017;103.76;27.50
7;V00739;FREINAGE;KIT DE FREIN;95000;CERGY;31/10/2016;43.46;36.84
1;V01113;ELECTRICITE;MOTEUR ELECTRIQUE;95250;BEAUCHAMP;03/06/2016;146.93;44.29
1;V00937;ENTRAINEMENT;COURROIES;95310;ST OUEN L AUMONE;06/03/2015;-32.37;49.98
7;V00740;FILTRATION;FILTRE HABITACLE;95300;ENNERY;01/04/2016;-49.43;25.63
8;V00166;FREINAGE;PLAQUETTE;95650;PUISEUX PONTOISE;03/03/2017;18;27.50
7;V00475;EQUIPEMENT ATELIER;OUTILLAGE;95038;VAUREAL;29/09/2016;559.50;24.08
6;V00601;DIVERS;BAGUE, JOINT;95310;ST OUEN L AUMONE;13/11/2015;6.03;35.82
5;V00411;DIVERS;DIVERS 0;;;08/06/2016;8.33;10.92
5;V00411;LIQUIDE;HUILE MOTEUR;;;12/10/2017;16.28;40.91
1;V01208;EQUIPEMENT ATELIER;MATERIEL;95320;ST LEU LA FORET;12/12/2017;0;0
5;V00413;LIQUIDE;HUILE MOTEUR;95610;ERAGNY;26/09/2017;17.44;44.84
2;V00785;EQUIPEMENT ATELIER;CONSOMABLE;78920;ECQUEVILLY;27/11/2015;53.80;66.54
5;V00559;DIRECTION, SUSPENSION, TRANSMISSION;ROULEMENT;60119;HENONVILLE;16/05/2017;43.58;30.77
7;V00695;EQUIPEMENT ATELIER;OUTILLAGE;95450;CONDECOURT;22/03/2016;-59.08;35.29
7;V00739;FREINAGE;PLAQUETTE;95000;CERGY;14/10/2015;180.87;28.28
5;V00411;DIRECTION, SUSPENSION, TRANSMISSION;ROTULE, BIELLETTE, TRIANGLE, SILENTBLOC;;;26/07/2016;143.93;48.02
6;V00331;DIVERS;DIVERS 0;95640;MARINES;28/11/2017;115.46;47.93
6;V00704;FILTRATION;FILTRE A HUILE;95450;VIGNY;03/08/2015;8.18;25.67
8;V01009;ACCESSOIRE AUTO, PRODUIT ENTRETIEN;DIVERS ACCESSOIRES, ENTRETIEN;78130;LES MUREAUX;28/09/2015;6.81;35.68
5;V00413;DIVERS;DIVERS 0;95610;ERAGNY;07/09/2016;3.21;33.33
5;V00411;EQUIPEMENT ATELIER;OUTILLAGE;;;03/11/2015;0;0
5;V00411;ENTRAINEMENT;GALET, POULIE, DAMPER;;;03/03/2017;56.54;38.33
5;V00484;FILTRATION;FILTRE A HUILE;;;07/03/2015;6.10;25.74
7;V00676;ENTRAINEMENT;COURROIES;95520;OSNY;21/12/2015;15.05;48.24
5;V00413;FILTRATION;FILTRE HABITACLE;95610;ERAGNY;06/01/2016;16.46;41.13
7;V00460;FREINAGE;PLAQUETTE;95000;CERGY;21/03/2016;38.83;46.28
2;V00822;VITRAGE;PARE BRISE, LUNETTE;95150;TAVERNY;26/03/2015;71.94;42.95
1;V00937;FILTRATION;FILTRE A HUILE;95310;ST OUEN L AUMONE;23/06/2015;8.29;25.69
5;V00431;FREINAGE;PLAQUETTE;;;15/10/2015;31.86;42
6;V00331;FILTRATION;FILTRE A CARBURANT;95640;MARINES;28/06/2017;32.12;34.53
8;V00572;EQUIPEMENT ATELIER;OUTILLAGE;95650;PUISEUX PONTOISE;08/09/2015;9.30;8.60
8;V00572;ELECTRICITE;BOUGIE DE PRECHAUFFAGE;95650;PUISEUX PONTOISE;16/02/2017;45;28
7;V00739;DIVERS;BAGUE, JOINT;95000;CERGY;31/05/2017;10.70;33.83
8;V00968;EQUIPEMENT ATELIER;OUTILLAGE;95310;ST OUEN L AUMONE;18/02/2015;0;0
8;V00968;COMPTABILITE;DIVERS COMPTABILITE;95310;ST OUEN L AUMONE;25/04/2017;0,25;0
1;V00177;DIRECTION, SUSPENSION, TRANSMISSION;AMORTISSEUR;95280;JOUY LE MOUTIER;14/12/2016;149.88;33.33
7;V00676;ENTRAINEMENT;GALET, POULIE, DAMPER;95520;OSNY;04/06/2015;-38.50;42.86
1;V00425;ACCESSOIRE AUTO, PRODUIT ENTRETIEN;ESSUIE GLACES;95310;ST OUEN L'AUMONE;02/11/2017;197.10;35.51
7;V01258;FILTRATION;FILTRE A AIR;94410;ST MAURICE;08/08/2017;13.85;31.34
5;V00411;THERMIQUE;PIECE DE CLIMATISATION;;;22/02/2017;69.16;20
5;V00411;VITRAGE;DIVERS VITRAGE 0;;;30/03/2017;5.94;26.77
5;V00411;FILTRATION;FILTRE A HUILE;;;25/08/2017;36.91;35.03
1;V00636;FREINAGE;PLAQUETTE;95310;ST OUEN L AUMONE;04/12/2015;55.73;41.99
8;V00166;ELECTRICITE;BOBINE;95650;PUISEUX PONTOISE;18/08/2017;103.62;21.82
1;V00043;FREINAGE;DISQUE;95150;TAVERNY;16/06/2015;96.05;47.27
6;V00331;COMPTABILITE;CONSIGNE;95640;MARINES;01/06/2017;-45;0
5;V00411;ACCESSOIRE AUTO, PRODUIT ENTRETIEN;PLAQUE D'IMMATRICULATION;;;22/03/2017;30;42.67
8;V00166;FREINAGE;PLAQUETTE;95650;PUISEUX PONTOISE;28/10/2016;39.24;20.01
1;V00449;ELECTRICITE;DIVERS ELECTRICITE 0;95027;CERGY-PONTOISE CEDEX;22/04/2016;90.04;50.02
6;V00979;FILTRATION;FILTRE HABITACLE;95450;VIGNY;05/02/2015;32.59;29.36
5;V00411;FILTRATION;FILTRE A AIR;;;27/11/2015;30.40;46.55
7;V00659;FILTRATION;FILTRE A CARBURANT;95810;EPIAIS RHUS;29/01/2015;-37.74;25.65
1;V01114;ACCESSOIRE AUTO, PRODUIT ENTRETIEN;DIVERS ACCESSOIRES, ENTRETIEN;95520;OSNY;22/12/2015;19.85;39.55
7;V01100;LIQUIDE;LIQUIDE DE REFROIDISSEMENT;95450;US;05/09/2016;14.36;33.84
5;V00411;DIRECTION, SUSPENSION, TRANSMISSION;TRANSMISSION;;;02/06/2017;202.57;34.55
2;V00150;VITRAGE;PEINTURE, VERNIS, DURCISSEUR, PPS;95310;SAINT OUEN L'AUMONE;07/10/2016;82.57;53.13
1;V01145;FILTRATION;FILTRE HABITACLE;95840;VILLIERS ADAM;05/04/2016;21.36;29.40
1;V00636;DIVERS;DIVERS 0;95310;ST OUEN L AUMONE;04/01/2016;32;26.25
1;V01201;FILTRATION;FILTRE HABITACLE;95520;OSNY;10/06/2017;10.42;27.74
5;V00411;VITRAGE;RETROVISEUR, MIROIR;;;06/01/2015;0,76;34.21
1;V00624;DIVERS;DIVERS 0;95310;ST OUEN L AUMONE;19/06/2015;148.20;27.13
5;V00411;ENTRAINEMENT;GALET, POULIE, DAMPER;;;15/06/2015;-50.17;48.32
5;V00411;ACCESSOIRE AUTO, PRODUIT ENTRETIEN;DIVERS ACCESSOIRES, ENTRETIEN;;;10/02/2016;19.95;36.84
1;V00937;LIQUIDE;LIQUIDE DE FREIN;95310;ST OUEN L AUMONE;26/05/2016;24.15;42.86
7;V00676;ENTRAINEMENT;COURROIES;95520;OSNY;23/11/2016;12.75;51.37
6;V00331;FILTRATION;FILTRE A AIR;95640;MARINES;16/10/2017;10.54;31.31
5;V00411;ACCESSOIRE AUTO, PRODUIT ENTRETIEN;ADDITIF;;;10/11/2017;30.19;23.05
1;V00937;FILTRATION;FILTRE A HUILE;95310;ST OUEN L AUMONE;11/09/2015;-6.80;25.59
1;V01145;ECHAPPEMENT;TUBE, SILENCIEUX;95840;VILLIERS ADAM;27/05/2016;-76.29;37.83
1;V01122;ACCESSOIRE AUTO, PRODUIT ENTRETIEN;DIVERS ACCESSOIRES, ENTRETIEN;95310;ST OUEN L AUMONE;29/03/2016;99;20.20
5;V00411;FILTRATION;FILTRE A AIR;;;03/11/2017;32.31;31.32
8;V00166;ECHAPPEMENT;ACCESSOIRES DE MONTAGE;95650;PUISEUX PONTOISE;16/04/2015;12.14;29.82
1;V00253;EQUIPEMENT ATELIER;CONSOMABLE;95310;SAINT-OUEN L'AUMONE;19/05/2016;10.90;34.31
7;V00714;COMPTABILITE;CONSIGNE;95520;OSNY;20/04/2017;30.49;0
5;V00528;FREINAGE;PLAQUETTE;95650;PUISEUX PONTOISE;10/02/2015;61.24;51.67
5;V00411;ECHAPPEMENT;TUBE, SILENCIEUX;;;11/05/2015;120.42;38.47
8;V00968;ENTRAINEMENT;COURROIES;95310;ST OUEN L AUMONE;28/06/2017;-40.95;36.12
1;V00074;ELECTRICITE;BATTERIE;95250;BEAUCHAMP;23/05/2016;101.78;43.33
5;V00411;DIRECTION, SUSPENSION, TRANSMISSION;BUTEE, SEMELLE, COUPELLE, KIT DE PROTECTION;;;29/10/2015;66;29.17
7;V00695;ENTRAINEMENT;COURROIES;95450;CONDECOURT;03/07/2017;17.73;39.99
1;V00594;LIQUIDE;LIQUIDE DE REFROIDISSEMENT;95480;PIERRELAYE;30/06/2016;12.57;24.42
6;V00979;DIRECTION, SUSPENSION, TRANSMISSION;ROTULE, BIELLETTE, TRIANGLE, SILENTBLOC;95450;VIGNY;15/02/2017;36;48.33
6;V00979;ELECTRICITE;RELAIS, FUSIBLE, FAISCEAU, CONTACTEUR;95450;VIGNY;27/08/2015;44.34;37.84
6;V00331;VITRAGE;DIVERS VITRAGE 0;95640;MARINES;13/07/2017;23.59;34.04
7;V01115;DIRECTION, SUSPENSION, TRANSMISSION;AMORTISSEUR;95520;OSNY;16/01/2017;67.20;20
8;V01068;DIVERS;DIVERS 0;95004;CERGY PONTOISE CEDEX;31/01/2017;57.21;9.09
5;V00430;ECHAPPEMENT;TUBE, SILENCIEUX;;;29/04/2015;62.46;26.79
6;V00331;LIQUIDE;HUILE DE BOITE;95640;MARINES;26/06/2015;14.91;37.89
8;V00693;FILTRATION;FILTRE A AIR;;;31/07/2017;9;4.11
1;V00178;27;;95280;JOUY LE MOUTIER;12/02/2015;126.99;41.18
2;V00795;ACCESSOIRE AUTO, PRODUIT ENTRETIEN;DIVERS ACCESSOIRES, ENTRETIEN;94120;FONTENAY-SOUS-BOIS;16/03/2016;28.38;43.73
7;V00749;DIRECTION, SUSPENSION, TRANSMISSION;AMORTISSEUR;78570;CHANTELOUP LES VIGNES;27/11/2015;61.66;20.01
5;V00529;FILTRATION;FILTRE A CARBURANT;95550;BESSANCOURT;26/02/2016;-22.39;32.74
7;V00739;FREINAGE;;95000;CERGY;03/02/2015;11.16;51.70
5;V00411;LIQUIDE;HUILE MOTEUR;;;30/03/2016;121.39;39.69
5;V00411;LIQUIDE;HUILE DE BOITE;;;27/09/2017;7.09;33.85
7;V00460;PNEUS;PNEUS ANCIEN;95000;CERGY;22/01/2015;304.50;12.07
5;V00411;DIRECTION, SUSPENSION, TRANSMISSION;ROTULE, BIELLETTE, TRIANGLE, SILENTBLOC;;;25/02/2016;150.07;53.28
5;V00411;FILTRATION;FILTRE A AIR;;;16/12/2017;27.16;31.37
7;V00724;ACCESSOIRE AUTO, PRODUIT ENTRETIEN;PLAQUE D'IMMATRICULATION;95650;PUISEUX PONTOISE;22/08/2017;9;52.22
8;V00968;FILTRATION;FILTRE A HUILE;95310;ST OUEN L AUMONE;22/10/2016;4.27;21.78
1;V01134;FREINAGE;DISQUE;95650;PUISEUX PONTOISE;15/04/2016;145.15;38.19
1;V00074;ACCESSOIRE AUTO, PRODUIT ENTRETIEN;ADDITIF;95250;BEAUCHAMP;09/06/2017;296;37.50
8;V00166;ENTRAINEMENT;COURROIES;95650;PUISEUX PONTOISE;28/10/2015;19.74;44.68
5;V01257;EQUIPEMENT ATELIER;OUTILLAGE;95750;CHARS;28/09/2017;25.38;26.75
7;V00695;FREINAGE;PLAQUETTE;95450;CONDECOURT;30/03/2016;86.92;47.35
7;V00695;ACCESSOIRE AUTO, PRODUIT ENTRETIEN;ESSUIE GLACES;95450;CONDECOURT;12/09/2016;36.90;24.01
8;V01180;PNEUS;PNEUS;95650;PUISEUX PONTOISE;22/12/2016;467.86;0
7;V01148;DIRECTION, SUSPENSION, TRANSMISSION;ROULEMENT;60240;MONTJAVOULT;23/05/2017;44.90;53.85
1;V00449;EQUIPEMENT ATELIER;CONSOMABLE;95027;CERGY-PONTOISE CEDEX;15/09/2016;420.06;32.55
7;V00749;FILTRATION;FILTRE A AIR;78570;CHANTELOUP LES VIGNES;18/06/2015;9.26;25.59
5;V00484;EQUIPEMENT ATELIER;MATERIEL;;;12/07/2017;255.55;17.82
7;V00676;ENTRAINEMENT;COURROIES;95520;OSNY;07/06/2016;-4.30;58.14
7;V00688;ENTRAINEMENT;COURROIES;;;30/06/2015;17.60;52.73
1;V00937;FILTRATION;FILTRE HABITACLE;95310;ST OUEN L AUMONE;19/01/2017;17;33.41
1;V00638;FREINAGE;PLAQUETTE;95840;VILLIERS ADAM;15/04/2015;23.45;42
7;V01044;EQUIPEMENT ATELIER;OUTILLAGE;95480;PIERRELAYE;08/09/2015;16.16;36.01
5;V00411;ENTRAINEMENT;KIT DE DISTRIBUTION AVEC POMPE A EAU;;;24/12/2015;108.93;36.67
1;V00179;FREINAGE;PLAQUETTE;78700;CONFLANS ST HONORINE;26/06/2017;68.04;51.66
5;V00413;FILTRATION;FILTRE A CARBURANT;95610;ERAGNY;08/10/2015;22.90;38.03
7;V01044;FILTRATION;FILTRE A HUILE;95480;PIERRELAYE;20/04/2017;21.50;25.81
1;V00358;VITRAGE;PEINTURE, VERNIS, DURCISSEUR, PPS;;;30/01/2017;28.60;23.08
7;V01140;PNEUS;PNEUS;94410;SAINT-MAURICE;25/09/2017;305.28;11.16
5;V00424;FILTRATION;FILTRE A AIR;;;10/11/2016;10.88;29.41
7;V00676;EMBRAYAGE;HYDRAULIQUE,  EMETTEUR, RECEPTEUR, BUTEE;95520;OSNY;05/01/2016;43.16;25.72
5;V00411;DIRECTION, SUSPENSION, TRANSMISSION;ROULEMENT;;;27/05/2016;46.61;30.36
8;V00166;FILTRATION;FILTRE A HUILE;95650;PUISEUX PONTOISE;31/05/2016;5.70;21.75
6;V00979;DIRECTION, SUSPENSION, TRANSMISSION;ROTULE, BIELLETTE, TRIANGLE, SILENTBLOC;95450;VIGNY;03/08/2017;30.60;52.39
1;V01029;ECLAIRAGE;LAMPE, AMPOULE, AMPOULE PHARE;95800;CERGY;26/06/2017;29.58;45.98
8;V00968;ACCESSOIRE AUTO, PRODUIT ENTRETIEN;ESSUIE GLACES;95310;ST OUEN L AUMONE;13/05/2017;21.33;19.13
1;V00279;EQUIPEMENT ATELIER;MATERIEL;95310;SAINT OUEN L'AUMONE;02/10/2017;307;9.56
5;V00529;EQUIPEMENT ATELIER;MATERIEL;95550;BESSANCOURT;17/05/2016;23.29;17.65
8;V00968;FILTRATION;FILTRE HABITACLE;95310;ST OUEN L AUMONE;20/07/2015;22.44;25.67
5;V00960;THERMIQUE;;;;29/04/2015;13.80;38.33
8;V00718;ENTRAINEMENT;KIT DE DISTRIBUTION AVEC POMPE A EAU;.;.;14/09/2016;67;7.94
7;V00676;ACCESSOIRE AUTO, PRODUIT ENTRETIEN;ESSUIE GLACES;95520;OSNY;17/06/2017;24.05;23.99
8;V00968;ELECTRICITE;BOUGIE D'ALLUMAGE;95310;ST OUEN L AUMONE;04/04/2017;29.61;26.04
7;V00749;EMBRAYAGE;KIT EMBRAYAGE;78570;CHANTELOUP LES VIGNES;15/10/2015;189.05;25.25
8;V01009;FREINAGE;DISQUE;78130;LES MUREAUX;15/11/2017;-40;27.50
6;V00192;ELECTRICITE;BOUGIE D'ALLUMAGE;95650;PUISEUX-PONTOISE;22/05/2017;66.72;26
7;V01044;FREINAGE;DISQUE;95480;PIERRELAYE;09/06/2016;178.32;42.29
1;V00937;PNEUS;PNEUS;95310;ST OUEN L AUMONE;06/12/2017;62.40;21.44
2;V01065;VITRAGE;PARE BRISE, LUNETTE;78630;ORGEVAL;10/03/2015;47.55;46.79
1;V00675;DIVERS;DIVERS 0;95802;CERGY-PONTOISE CEDEX;31/03/2016;3102;46.67
1;V00633;FILTRATION;FILTRE A HUILE;95150;TAVERNY;11/03/2016;6;25.67
5;V00413;ENTRAINEMENT;ALTERNATEUR;95610;ERAGNY;18/04/2017;176.18;43.34
5;V00411;EQUIPEMENT ATELIER;OUTILLAGE;;;23/02/2017;57.37;22.08
8;V00166;ENTRAINEMENT;COURROIES;95650;PUISEUX PONTOISE;06/08/2015;12.76;36.13
2;V00778;EQUIPEMENT ATELIER;OUTILLAGE;78370;PLAISIR;08/01/2016;82.72;37.50
6;V00979;FILTRATION;FILTRE A HUILE;95450;VIGNY;10/07/2015;7.23;25.73
5;V00559;FREINAGE;DISQUE;60119;HENONVILLE;28/01/2015;62.72;42
1;V01201;ECLAIRAGE;PHARE, FEU ARRIERE, CLIGNOTANT;95520;OSNY;13/02/2017;14.85;16.36
5;V00411;LIQUIDE;LIQUIDE DE REFROIDISSEMENT;;;05/08/2015;20.64;30.96
8;V00166;ECHAPPEMENT;TUBE, SILENCIEUX;95650;PUISEUX PONTOISE;11/04/2016;32.74;31.86
5;V01257;ECLAIRAGE;PHARE, FEU ARRIERE, CLIGNOTANT;95750;CHARS;27/10/2017;138.16;29.31
7;V00749;EQUIPEMENT ATELIER;OUTILLAGE;78570;CHANTELOUP LES VIGNES;12/03/2015;34.29;28.90
2;V00763;VITRAGE;DIVERS VITRAGE 0;92500;RUEIL MALMAISON;30/03/2016;37.26;50
5;V00411;ENTRAINEMENT;KIT DE DISTRIBUTION AVEC POMPE A EAU;;;07/12/2016;125.38;31.60
2;V01269;EQUIPEMENT ATELIER;MATERIEL;95150;TAVERNY;08/08/2017;-1.18;40.68
7;V00749;FREINAGE;PLAQUETTE;78570;CHANTELOUP LES VIGNES;13/02/2015;-70.16;42
6;V00331;FILTRATION;FILTRE A CARBURANT;95640;MARINES;11/12/2017;22.08;29.53
1;V01123;FREINAGE;PLAQUETTE;95310;ST OUEN L AUMONE;12/10/2016;35.30;42.01
11;V00970;EQUIPEMENT ATELIER;MATERIEL;91120;PALAISEAU;30/04/2015;96.96;47.66
7;V00460;FILTRATION;FILTRE A HUILE;95000;CERGY;17/03/2017;27.79;25.76
8;V00166;THERMIQUE;PIECE DE CLIMATISATION;95650;PUISEUX PONTOISE;24/05/2016;178.75;32.31
8;V01009;ENTRAINEMENT;KIT COURROIE D'ACCESSOIRES;78130;LES MUREAUX;27/01/2017;95.67;25.58
7;V00739;ENTRAINEMENT;COURROIES;95000;CERGY;07/12/2015;9.17;36.21
5;V00424;FILTRATION;FILTRE A HUILE;;;05/03/2016;7.73;25.74
7;V00695;DIVERS;DIVERS 0;95450;CONDECOURT;13/12/2017;3.59;37.60
6;V00979;VITRAGE;ACCESSOIRE PARE BRISE, VITRAGE;95450;VIGNY;13/07/2016;17.93;39.99
7;V01039;LIQUIDE;LIQUIDE DE REFROIDISSEMENT;95420;CLERY EN VEXIN;04/02/2015;27.24;45.63
7;V00695;FILTRATION;FILTRE A HUILE;95450;CONDECOURT;05/10/2016;5.70;21.75
7;V00739;FREINAGE;PLAQUETTE;95000;CERGY;08/04/2015;53.84;32.49
1;V00330;DIVERS;DIVERS 0;95015;CERGY PONTOISE;05/02/2016;167.30;100
7;V01044;FREINAGE;PLAQUETTE;95480;PIERRELAYE;10/12/2015;16.67;47.33
5;V00424;ELECTRICITE;CAPTEURS, SONDES;;;06/12/2017;14.34;38.15
5;V00411;FILTRATION;FILTRE A CARBURANT;;;08/08/2016;20.78;29.40
8;V00166;FREINAGE;PLAQUETTE;95650;PUISEUX PONTOISE;13/04/2015;24.52;27.49
7;V00739;MOTEUR;SUPPORT MOTEUR;95000;CERGY;10/10/2017;33.16;23.07
2;V00785;EQUIPEMENT ATELIER;MATERIEL;78920;ECQUEVILLY;10/02/2017;180;0
5;V00411;DIRECTION, SUSPENSION, TRANSMISSION;ROTULE, BIELLETTE, TRIANGLE, SILENTBLOC;;;05/02/2016;82.14;37.57
5;V00411;DIVERS;CABLE;;;27/02/2017;27.30;34.98
8;V00166;DIRECTION, SUSPENSION, TRANSMISSION;AMORTISSEUR;95650;PUISEUX PONTOISE;28/10/2015;66.80;24
8;V00166;DIRECTION, SUSPENSION, TRANSMISSION;ROTULE, BIELLETTE, TRIANGLE, SILENTBLOC;95650;PUISEUX PONTOISE;03/03/2017;65.15;43.64
1;V00178;FILTRATION;FILTRE A HUILE;95280;JOUY LE MOUTIER;10/08/2015;34.87;25.64
5;V00411;DIRECTION, SUSPENSION, TRANSMISSION;ROTULE, BIELLETTE, TRIANGLE, SILENTBLOC;;;23/11/2016;66.30;46.67
8;V01009;FILTRATION;FILTRE HABITACLE;78130;LES MUREAUX;29/03/2017;42.87;27.69
7;V00695;DIRECTION, SUSPENSION, TRANSMISSION;ROTULE, BIELLETTE, TRIANGLE, SILENTBLOC;95450;CONDECOURT;26/01/2017;34.17;47.29
5;V00411;FREINAGE;PLAQUETTE;;;11/01/2017;61.10;46.27
1;V01029;LIQUIDE;DIVERS LIQUIDES;95800;CERGY;08/03/2017;279.99;39.28
1;V00358;FILTRATION;FILTRE A CARBURANT;;;12/03/2015;32.98;48.61
8;V00572;ECLAIRAGE;;95650;PUISEUX PONTOISE;18/02/2015;10.40;30
8;V00968;FREINAGE;PLAQUETTE;95310;ST OUEN L AUMONE;13/02/2015;42.05;27.51
1;V01122;VITRAGE;PEINTURE, VERNIS, DURCISSEUR, PPS;95310;ST OUEN L AUMONE;10/08/2016;460.70;47.29
1;V00253;LIQUIDE;HUILE DE BOITE;95310;SAINT-OUEN L'AUMONE;22/12/2015;6.86;37.90
7;V01115;ENTRAINEMENT;POMPE A EAU;95520;OSNY;30/10/2015;32.93;39.39
6;V00331;LIQUIDE;HUILE MOTEUR;95640;MARINES;01/06/2015;25.90;42.86
7;V00739;FILTRATION;FILTRE A HUILE;95000;CERGY;18/07/2017;5.03;25.84
7;V00695;VITRAGE;PARE BRISE, LUNETTE;95450;CONDECOURT;31/05/2016;152.80;26
7;V00676;FILTRATION;FILTRE A HUILE;95520;OSNY;26/05/2016;3.71;21.83
5;V00323;ELECTRICITE;POMPE CARBURANT, HUILE, LAVE GLACE;95650;PUISEUX PONTOISE;19/12/2017;-173.43;28.57
2;V00824;EQUIPEMENT ATELIER;EPI;91470;LIMOURS;19/09/2017;0;0
5;V00110;FILTRATION;FILTRE A CARBURANT;95450;US;05/10/2016;-26.63;38.04
7;V00695;FREINAGE;PLAQUETTE;95450;CONDECOURT;25/10/2016;0;0
1;V00937;FILTRATION;FILTRE A CARBURANT;95310;ST OUEN L AUMONE;14/12/2015;38.21;25.65
5;V00411;DIRECTION, SUSPENSION, TRANSMISSION;RESSORT;;;19/09/2016;108.24;26.66
5;V00411;ENTRAINEMENT;COURROIES;;;18/08/2015;33.15;43.80
6;V00979;ELECTRICITE;BOUGIE DE PRECHAUFFAGE;95450;VIGNY;16/01/2015;266.64;42.42
7;V00739;FREINAGE;DISQUE;95000;CERGY;27/04/2016;22.44;37.48
6;V00979;EQUIPEMENT ATELIER;CONSOMABLE;95450;VIGNY;15/09/2017;3.58;30.45
1;V00279;DIVERS;DIVERS 0;95310;SAINT OUEN L'AUMONE;06/12/2016;100;20.10
1;V00937;DIVERS;DIVERS 0;95310;ST OUEN L AUMONE;29/01/2016;74.25;4.46
5;V00411;LIQUIDE;LAVE GLACE;;;17/10/2016;3.72;33.33
1;V01029;ENTRAINEMENT;KIT DE DISTRIBUTION, ACCESSOIRES;95800;CERGY;28/10/2015;81.90;36.67
6;V00979;ECHAPPEMENT;TUBE, SILENCIEUX;95450;VIGNY;06/08/2015;126.01;19.47
1;V01201;LIQUIDE;HUILE MOTEUR;95520;OSNY;07/03/2017;15;21.67
1;V00330;VITRAGE;DIVERS VITRAGE 0;95015;CERGY PONTOISE;29/05/2017;16.22;30.02
5;V00411;LIQUIDE;HUILE DE BOITE;;;11/04/2017;10.45;29.67
5;V00411;FILTRATION;FILTRE A CARBURANT;;;10/06/2017;114.21;35.52
8;V00166;ECLAIRAGE;PHARE, FEU ARRIERE, CLIGNOTANT;95650;PUISEUX PONTOISE;04/07/2017;76.80;23.33
1;V00178;VITRAGE;DIVERS VITRAGE 0;95280;JOUY LE MOUTIER;22/11/2016;68.06;55.92
8;V00166;ECHAPPEMENT;TUBE, SILENCIEUX;95650;PUISEUX PONTOISE;13/06/2016;54.30;38.67
6;V00192;FILTRATION;FILTRE A AIR;95650;PUISEUX-PONTOISE;24/01/2017;10.02;29.34
7;V01044;FILTRATION;FILTRE A HUILE;95480;PIERRELAYE;06/05/2016;5.70;21.75
7;V00464;DIVERS;DIVERS 0;95301;PONTOISE;19/12/2017;71.25;59.07
7;V00460;PNEUS;PNEUS;95000;CERGY;29/06/2017;294.84;8.97
1;V01122;VITRAGE;DIVERS VITRAGE 0;95310;ST OUEN L AUMONE;15/04/2016;20.69;44.13
6;V00331;ENTRAINEMENT;COURROIE DE DISTRIBUTION;95640;MARINES;16/04/2015;-63;40
8;V00166;ECHAPPEMENT;VANNE EGR;95650;PUISEUX PONTOISE;14/09/2017;200.13;18.57
7;V01121;DIVERS;DIVERS 0;60240;FLEURY;13/06/2017;115.56;10
7;V00676;ELECTRICITE;BOUGIE DE PRECHAUFFAGE;95520;OSNY;09/02/2015;116.29;43.33
8;V01153;FREINAGE;DISQUE;;;13/05/2016;48.26;9.08
1;V00302;DIVERS;DIVERS 0;95800;CERGY ST.CHRISTOPHE;13/08/2015;17.10;65.32
5;V00430;CONSOMMABLE CARROSSERIE;;;;19/01/2015;0;0
7;V00740;DIRECTION, SUSPENSION, TRANSMISSION;ROTULE, BIELLETTE, TRIANGLE, SILENTBLOC;95300;ENNERY;06/04/2017;45.65;48.06
7;V00464;THERMIQUE;DIVERS THERMIQUE;95301;PONTOISE;06/10/2017;399;40.48
8;V01009;FILTRATION;FILTRE A HUILE;78130;LES MUREAUX;28/06/2017;26.62;25.81
2;V00813;EQUIPEMENT ATELIER;MATERIEL;95170;DEUIL LA BARRE;16/07/2015;77;62.88
14;V01214;EQUIPEMENT ATELIER;OUTILLAGE;;;29/03/2017;47;30
5;V00411;ECHAPPEMENT;ACCESSOIRES DE MONTAGE;;;31/10/2015;23.28;42.01
5;V00411;DIRECTION, SUSPENSION, TRANSMISSION;BUTEE, SEMELLE, COUPELLE, KIT DE PROTECTION;;;15/10/2016;24;12
6;V01106;ELECTRICITE;BOUGIE D'ALLUMAGE;95450;AVERNES;25/04/2017;20.62;38.36
7;V00464;ENTRAINEMENT;GALET, POULIE, DAMPER;95301;PONTOISE;15/12/2016;16.65;47.15
6;V00752;ECHAPPEMENT;ACCESSOIRES DE MONTAGE;95450;VIGNY;21/07/2015;36.63;51.43
1;V01029;ACCESSOIRE AUTO, PRODUIT ENTRETIEN;DIVERS ACCESSOIRES, ENTRETIEN;95800;CERGY;04/12/2015;6.20;54.52
11;V00855;VITRAGE;RETROVISEUR, MIROIR;59200;TOURCOING;25/03/2015;480;16.88
5;V00411;29;;;;17/04/2015;115.10;28.30
1;V00043;ENTRAINEMENT;KIT COURROIE D'ACCESSOIRES;95150;TAVERNY;02/05/2017;66.36;33.33
6;V00979;DIRECTION, SUSPENSION, TRANSMISSION;AMORTISSEUR;95450;VIGNY;09/03/2016;126.50;30.91
7;V00740;FREINAGE;PLAQUETTE;95300;ENNERY;11/07/2017;4.08;163.24
8;V00526;FILTRATION;FILTRE A HUILE;95640;MARINES;03/08/2017;10.84;9.23
7;V00739;FREINAGE;DISQUE;95000;CERGY;11/09/2015;-117.31;32.23
8;V00166;THERMIQUE;PIECE DE CLIMATISATION;95650;PUISEUX PONTOISE;06/08/2015;352.23;21.93
1;V01134;FILTRATION;FILTRE A AIR;95650;PUISEUX PONTOISE;26/08/2016;10.42;29.37
2;V01065;VITRAGE;ABRASIF, MASQUAGE;78630;ORGEVAL;03/12/2015;172.47;51.08
6;V00607;ACCESSOIRE AUTO, PRODUIT ENTRETIEN;PLAQUE D'IMMATRICULATION;60240;BOUCONVILLERS;24/03/2015;18;52.22
8;V00166;FREINAGE;PLAQUETTE;95650;PUISEUX PONTOISE;16/10/2015;20.96;27.48
5;V01267;ELECTRICITE;BATTERIE;95450;ABLEIGES;16/11/2017;61.36;30
7;V00695;ECLAIRAGE;LAMPE, AMPOULE, AMPOULE PHARE;95450;CONDECOURT;25/07/2016;5.76;53.30
2;V00800;VITRAGE;ABRASIF, MASQUAGE;78360;MONTESSON;13/12/2016;59.52;26.29
1;V01122;EQUIPEMENT ATELIER;CONSOMABLE;95310;ST OUEN L AUMONE;08/02/2016;99.93;26.34
1;V00633;FILTRATION;FILTRE A CARBURANT;95150;TAVERNY;28/04/2016;17.78;25.65
8;V00166;ACCESSOIRE AUTO, PRODUIT ENTRETIEN;ESSUIE GLACES;95650;PUISEUX PONTOISE;06/11/2015;45.92;19.16
8;V00166;ENTRAINEMENT;COURROIES;95650;PUISEUX PONTOISE;05/01/2016;9.68;-24.28
7;V00740;FILTRATION;FILTRE A CARBURANT;95300;ENNERY;10/04/2017;-33.86;25.84
8;V00166;ENTRAINEMENT;COURROIES;95650;PUISEUX PONTOISE;31/01/2017;18.82;22.64
8;V01009;ACCESSOIRE AUTO, PRODUIT ENTRETIEN;ESSUIE GLACES;78130;LES MUREAUX;20/05/2016;63.92;14.89
5;V01148;ECHAPPEMENT;TUBE, SILENCIEUX;60240;MONTJAVOULT;11/04/2016;72.20;43.49
6;V00979;DIVERS;DIVERS 0;95450;VIGNY;09/03/2016;129;33.33
6;V00979;COMPTABILITE;CONSIGNE;95450;VIGNY;04/03/2016;100;0
1;V00449;ACCESSOIRE AUTO, PRODUIT ENTRETIEN;PLAQUE D'IMMATRICULATION;95027;CERGY-PONTOISE CEDEX;11/10/2017;9;52.22
1;V00937;DIRECTION, SUSPENSION, TRANSMISSION;AMORTISSEUR;95310;ST OUEN L AUMONE;29/11/2016;94.71;27.27
1;V01072;EQUIPEMENT ATELIER;CONSOMABLE;95000;CERGY;04/07/2015;9.34;50
7;V00739;DIRECTION, SUSPENSION, TRANSMISSION;DIVERS PSD 0;95000;CERGY;23/01/2015;34.80;41.32
1;V00638;FREINAGE;KIT DE FREIN;95840;VILLIERS ADAM;03/04/2015;157.96;44.83
7;V00688;ELECTRICITE;RELAIS, FUSIBLE, FAISCEAU, CONTACTEUR;;;03/12/2015;0,63;82.54
5;V00411;DIVERS;CABLE;;;14/05/2016;33.42;20.41
5;V00960;ENTRAINEMENT;GALET, POULIE, DAMPER;;;16/09/2015;51.71;38.33
1;V00279;29;;95310;SAINT OUEN L'AUMONE;04/03/2015;175.95;35.69
1;V01081;EQUIPEMENT ATELIER;OUTILLAGE;60240;FLEURY;31/08/2017;79.02;13.34
7;V00739;ELECTRICITE;BOUGIE D'ALLUMAGE;95000;CERGY;09/08/2016;16;24
1;V00638;DIRECTION, SUSPENSION, TRANSMISSION;ROTULE, BIELLETTE, TRIANGLE, SILENTBLOC;95840;VILLIERS ADAM;18/02/2016;26.40;51.67
7;V00641;ACCESSOIRE AUTO, PRODUIT ENTRETIEN;PLAQUE D'IMMATRICULATION;95650;BOISSY L AILLERIE;04/08/2015;27;52.22
7;V00739;THERMIQUE;PIECE DE CLIMATISATION;95000;CERGY;17/10/2017;25.35;20
1;V01145;FILTRATION;FILTRE HABITACLE;95840;VILLIERS ADAM;07/06/2016;7.44;29.44
8;V01009;EQUIPEMENT ATELIER;CONSOMABLE;78130;LES MUREAUX;26/01/2016;56.27;33.32
7;V00739;DIVERS;DIVERS 0;95000;CERGY;26/08/2015;182.70;31.58
7;V00688;FILTRATION;FILTRE A AIR;;;01/12/2017;24.59;37.58
5;V00411;DIVERS;BAGUE, JOINT;;;17/05/2016;11.66;38.51
1;V00937;FREINAGE;DISQUE;95310;ST OUEN L AUMONE;09/09/2016;79.60;42
7;V01044;LIQUIDE;LIQUIDE DE REFROIDISSEMENT;95480;PIERRELAYE;03/02/2015;21.39;45.63
8;V00968;ELECTRICITE;BATTERIE;95310;ST OUEN L AUMONE;18/04/2017;70.20;33.33
1;V00179;ENTRAINEMENT;DEMARREUR;78700;CONFLANS ST HONORINE;30/08/2016;145.94;47.69
5;V00411;FILTRATION;FILTRE A HUILE;;;22/01/2016;8.33;38.06
8;V00968;ENTRAINEMENT;KIT DE DISTRIBUTION AVEC POMPE A EAU;95310;ST OUEN L AUMONE;22/05/2017;-84.10;30.92
1;V01260;ENTRAINEMENT;KIT DE DISTRIBUTION AVEC POMPE A EAU;95420;MAGNY EN VEXIN;20/10/2017;87.73;15.56
1;V00179;FREINAGE;KIT DE FREIN;78700;CONFLANS ST HONORINE;29/08/2016;72;43.33
2;V01003;VITRAGE;DIVERS VITRAGE 0;78500;SARTROUVILLE;18/06/2015;76.68;64.71
5;V00411;FILTRATION;FILTRE HABITACLE;;;06/03/2017;-22.13;33.03
5;V00411;ACCESSOIRE AUTO, PRODUIT ENTRETIEN;ESSUIE GLACES;;;14/11/2017;33.96;36.69
5;V00411;EMBRAYAGE;HYDRAULIQUE,  EMETTEUR, RECEPTEUR, BUTEE;;;19/04/2017;49.32;19.99
11;V00776;ACCESSOIRE AUTO, PRODUIT ENTRETIEN;DIVERS ACCESSOIRES, ENTRETIEN;92230;GENNEVILLIERS;07/12/2016;48.35;30.24
7;V00661;ECLAIRAGE;DIVERS ECLAIRAGE;95000;CERGY;04/02/2015;54;45
8;V00166;THERMIQUE;PIECE DE CLIMATISATION;95650;PUISEUX PONTOISE;24/06/2015;189.93;33.84
5;V00956;ELECTRICITE;BOUGIE D'ALLUMAGE;;;11/04/2016;37.01;10
7;V00739;FREINAGE;DISQUE;95000;CERGY;23/03/2015;-45.68;27.50
7;V00695;FILTRATION;FILTRE A AIR;95450;CONDECOURT;29/09/2017;15.38;27.70
8;V00968;DIRECTION, SUSPENSION, TRANSMISSION;BUTEE, SEMELLE, COUPELLE, KIT DE PROTECTION;95310;ST OUEN L AUMONE;23/10/2015;57.85;34.61
5;V00411;ENTRAINEMENT;COURROIES;;;05/03/2015;9.45;73.23
8;V00572;ACCESSOIRE AUTO, PRODUIT ENTRETIEN;DIVERS ACCESSOIRES, ENTRETIEN;95650;PUISEUX PONTOISE;10/05/2016;14.40;12.50
6;V00331;FILTRATION;FILTRE A AIR;95640;MARINES;07/09/2015;13.07;29.38
5;V00411;FREINAGE;PLAQUETTE;;;10/09/2016;60.48;51.67
5;V00411;DIVERS;DIVERS 0;;;09/02/2017;435.75;22.71
7;V01271;FREINAGE;PLAQUETTE;95520;OSNY;07/12/2017;22.91;35.57
5;V00411;FILTRATION;FILTRE A CARBURANT;;;30/07/2015;89;28.06
5;V00411;EQUIPEMENT ATELIER;CONSOMABLE;;;28/01/2016;2.91;23.71
2;V00150;VITRAGE;ABRASIF, MASQUAGE;95310;SAINT OUEN L'AUMONE;18/09/2017;38.92;41.78
7;V00464;EQUIPEMENT ATELIER;OUTILLAGE;95301;PONTOISE;02/09/2015;0,93;35.48
6;V00752;ELECTRICITE;CAPTEURS, SONDES;95450;VIGNY;22/06/2015;52;25
1;V01201;ENTRAINEMENT;COURROIES;95520;OSNY;20/03/2017;24.88;39.99
8;V01009;ACCESSOIRE AUTO, PRODUIT ENTRETIEN;ADDITIF;78130;LES MUREAUX;03/01/2017;24.94;36.85
1;V00937;PNEUS;PNEUS;95310;ST OUEN L AUMONE;25/01/2016;46;18.74
1;V00074;ECLAIRAGE;LAMPE, AMPOULE, AMPOULE PHARE;95250;BEAUCHAMP;20/05/2015;14.52;53.31
7;V01125;DIVERS;DIVERS 0;95450;US;20/02/2017;14.76;34.08
5;V00411;FILTRATION;FILTRE A HUILE;;;31/08/2017;28.40;32.75
1;V00636;FILTRATION;FILTRE A HUILE;95310;ST OUEN L AUMONE;03/10/2016;6.94;25.79
5;V00559;LIQUIDE;LIQUIDE DE REFROIDISSEMENT;60119;HENONVILLE;29/07/2015;14.36;33.84
7;V00460;ENTRAINEMENT;COURROIES;95000;CERGY;19/12/2017;0;0
1;V00074;FILTRATION;FILTRE HABITACLE;95250;BEAUCHAMP;03/11/2015;40.99;29.37
5;V00411;VITRAGE;DIVERS VITRAGE 0;;;24/11/2016;56.41;48.25
7;V01044;EQUIPEMENT ATELIER;CONSOMABLE;95480;PIERRELAYE;18/09/2015;209.48;36.25
5;V00411;FILTRATION;FILTRE A CARBURANT;;;24/02/2016;30.59;25.66
5;V00529;LIQUIDE;LIQUIDE DE REFROIDISSEMENT;95550;BESSANCOURT;17/07/2017;-9.58;30.06
8;V01009;FILTRATION;FILTRE A HUILE;78130;LES MUREAUX;23/06/2015;15.15;21.78
5;V00411;DIRECTION, SUSPENSION, TRANSMISSION;ROTULE, BIELLETTE, TRIANGLE, SILENTBLOC;;;20/07/2016;211;30.42
5;V00974;VITRAGE;ABRASIF, MASQUAGE;;;16/12/2017;15.70;35.61
7;V00739;DIRECTION, SUSPENSION, TRANSMISSION;ROTULE, BIELLETTE, TRIANGLE, SILENTBLOC;95000;CERGY;19/01/2016;-78.57;47.27
8;V00968;FILTRATION;FILTRE A AIR;95310;ST OUEN L AUMONE;02/03/2015;27.33;29.38
8;V01050;PNEUS;PNEUS;;;26/08/2016;452.40;8.97
8;V00166;DIVERS;CABLE;95650;PUISEUX PONTOISE;18/10/2017;18.31;13.33
1;V00716;COMPTABILITE;CONSIGNE;95480;PIERRELAYE;19/09/2017;200;0
8;V01009;FILTRATION;FILTRE A CARBURANT;78130;LES MUREAUX;25/08/2016;21.40;21.73
1;V00177;FREINAGE;PLAQUETTE;95280;JOUY LE MOUTIER;15/06/2016;64.74;51.67
1;V00122;VITRAGE;PEINTURE, VERNIS, DURCISSEUR, PPS;95150;TAVERNY;14/01/2016;71.08;54.28
2;V00985;VITRAGE;RETROVISEUR, MIROIR;78580;LES ALLUETS LE ROI;20/02/2015;41.86;44.77
5;V00411;DIRECTION, SUSPENSION, TRANSMISSION;ROTULE, BIELLETTE, TRIANGLE, SILENTBLOC;;;14/02/2017;-92.93;31.11
7;V01111;PNEUS;PNEUS;95000;CERGY;10/09/2015;61.10;18.46
5;V00411;27;;;;07/01/2015;7.30;40
5;V00411;DIRECTION, SUSPENSION, TRANSMISSION;ROULEMENT;;;30/06/2015;19.40;40
5;V00411;VITRAGE;PEINTURE, VERNIS, DURCISSEUR, PPS;;;17/06/2017;18.56;30.01
7;V00951;ACCESSOIRE AUTO, PRODUIT ENTRETIEN;PLAQUE D'IMMATRICULATION;95000;CERGY;17/02/2015;84;28.33
1;V00208;VITRAGE;DIVERS VITRAGE 0;78700;CONFLANS STE HONORIN;11/07/2016;257.50;52.90
5;V00411;ACCESSOIRE AUTO, PRODUIT ENTRETIEN;ESSUIE GLACES;;;06/04/2016;23.28;36.68
8;V00166;FILTRATION;FILTRE A CARBURANT;95650;PUISEUX PONTOISE;30/03/2017;26.10;25.82
7;V00464;DIVERS;DIVERS 0;95301;PONTOISE;27/10/2016;447.10;31.39
5;V00110;FREINAGE;ETRIER;95450;US;11/03/2015;180.82;57.02
5;V00411;17;;;;07/04/2015;74.02;33.33
1;V00074;EMBRAYAGE;HYDRAULIQUE,  EMETTEUR, RECEPTEUR, BUTEE;95250;BEAUCHAMP;29/11/2017;72.88;25.71
5;V00411;DIRECTION, SUSPENSION, TRANSMISSION;VERIN DE HAYON;;;29/06/2016;34.55;34.62
1;V00074;FREINAGE;PLAQUETTE;95250;BEAUCHAMP;08/10/2015;-19.50;50
5;V00430;ELECTRICITE;CAPTEURS, SONDES;;;08/08/2017;32.95;32.56
5;V00411;ENTRAINEMENT;COURROIES;;;16/10/2017;53.83;40
8;V01163;MOTEUR;SUPPORT MOTEUR;17851;MAIA DE MONTCAL;31/12/2016;372.56;9.09
8;V01009;LIQUIDE;LIQUIDE DE FREIN;78130;LES MUREAUX;12/06/2015;10.20;66.67
6;V00979;ELECTRICITE;BOBINE;95450;VIGNY;04/03/2016;55.14;35
7;V01162;ELECTRICITE;CAPTEURS, SONDES;95300;HEROUVILLE;27/07/2017;43.28;53.63
2;V00824;EQUIPEMENT ATELIER;MATERIEL;91470;LIMOURS;17/05/2016;187.54;44.15
8;V00968;ENTRAINEMENT;COURROIES;95310;ST OUEN L AUMONE;19/04/2016;0;0
8;V00968;FREINAGE;DISQUE;95310;ST OUEN L AUMONE;29/06/2015;175.45;24.11
1;V00109;EQUIPEMENT ATELIER;OUTILLAGE;95280;JOUY LE MOUTIER;28/07/2016;29.30;32.90
8;V00968;ELECTRICITE;BATTERIE;95310;ST OUEN L AUMONE;17/02/2017;132.60;33.33
8;V01009;FILTRATION;FILTRE A HUILE;78130;LES MUREAUX;10/02/2016;4.85;21.86
6;V00752;FREINAGE;PLAQUETTE;95450;VIGNY;20/05/2015;13.78;50
7;V01039;DIVERS;DIVERS 0;95420;CLERY EN VEXIN;31/05/2017;91;28.57
7;V01148;EQUIPEMENT ATELIER;CONSOMABLE;60240;MONTJAVOULT;12/10/2016;7.45;26.17
7;V00739;FILTRATION;FILTRE HABITACLE;95000;CERGY;22/04/2015;10;29.40
7;V00739;FILTRATION;FILTRE A CARBURANT;95000;CERGY;10/07/2015;65.92;21.74
5;V00411;ECHAPPEMENT;TUBE, SILENCIEUX;;;09/06/2016;91.39;42.31
